Name,URL,Position,HallOfFame,TotalYears,LastYear,Active,MVP,Pro Bowl,All-Pro,SB Champ,AP PoY
Frank Abruzzino,/A/AbruFr20.htm,BB-LB-C-G-E-WB-DB,0,3,1933,False,0,0,0,0,0
Tom Ackerman,/A/AckeTo20.htm,G-C,0,8,2003,False,0,0,0,0,0
Ed Adamchik,/A/AdamEd20.htm,C,0,1,1965,False,0,0,0,0,0
Henry Adams,/A/AdamHe20.htm,C,0,1,1939,False,0,0,0,0,0
John Adickes,/A/AdicJo20.htm,C,0,3,1989,False,0,0,0,0,0
Art Albrecht,/A/AlbrAr20.htm,T-C-LB,0,3,1944,False,0,0,0,0,0
Ethan Albright,/A/AlbrEt20.htm,G-C-T,0,16,2010,False,0,1,0,0,0
Ki Aldrich,/A/AldrKi20.htm,C-LB-G,0,9,1947,False,0,2,0,0,0
David Alexander,/A/AlexDa22.htm,C-G-T,0,10,1996,False,0,0,0,0,0
Doc Alexander,/A/AlexDo20.htm,C-G-T-E,0,7,1927,False,0,0,2,0,0
Mike Alford,/A/AlfoMi20.htm,C,0,2,1966,False,0,0,0,0,0
Brian Allen,/A/AlleBr02.htm,C,0,2,2019,True,0,0,0,0,0
Johnny Allen,/A/AlleJo20.htm,C-LB,0,4,1958,False,0,0,0,0,0
Josh Allen,/A/AlleJo00.htm,C,0,1,2014,False,0,0,0,0,0
Steve Alvers,/A/AlveSt20.htm,TE-C,0,2,1982,False,0,0,0,0,0
Eugene Amano,/A/AmanEu20.htm,C,0,9,2012,False,0,0,0,0,0
Ken Amato,/A/AmatKe20.htm,C,0,9,2011,False,0,0,0,0,0
John Ambrose,/A/AmbrJo20.htm,C,0,1,1932,False,0,0,0,0,0
Joe Amstutz,/A/AmstJo20.htm,C,0,1,1957,False,0,0,0,0,0
Hunk Anderson,/A/AndeHu20.htm,G-C,0,4,1925,False,0,0,0,0,0
Scott Anderson,/A/AndeSc20.htm,C,0,3,1976,False,0,0,0,0,0
Troy Andrew,/A/AndrTr20.htm,C,0,1,2001,False,0,0,0,0,0
Steve Andrako,/A/AndrSt20.htm,C-LB,0,1,1940,False,0,0,0,0,0
David Andrews,/A/AndrDa00.htm,C,0,4,2018,True,0,0,0,2,0
Tom Andrews,/A/AndrTo20.htm,T-C,0,4,1987,False,0,0,0,1,0
Charlie Ane,/A/AnexCh00.htm,T-C,0,7,1959,False,0,2,0,0,0
Charlie Ane,/A/AnexCh20.htm,C,0,7,1981,False,0,0,0,0,0
Ray Apolskis,/A/ApolRa20.htm,C-G-LB,0,10,1950,False,0,1,0,0,0
Tony Ardizzone,/A/ArdiTo20.htm,C,0,1,1979,False,0,0,0,0,0
Tony Arena,/A/ArenTo20.htm,C-LB,0,1,1942,False,0,0,0,0,0
Phil Armour,/A/ArmoPh20.htm,C,0,1,2000,False,0,0,0,0,0
Bob Armstrong,/A/ArmsBo20.htm,T-G-C,0,2,1932,False,0,0,0,0,0
Quincy Armstrong,/A/ArmsQu20.htm,C,0,1,1954,False,0,0,0,0,0
Jim Arneson,/A/ArneJi20.htm,G-C,0,3,1975,False,0,0,0,0,0
Mike Arthur,/A/ArthMi20.htm,C,0,6,1996,False,0,0,0,1,0
Darrell Austin,/A/AustDa20.htm,G-C-T,0,6,1980,False,0,0,0,0,0
Billy Autrey,/A/AutrBi20.htm,C,0,1,1953,False,0,0,0,0,0
Hank Autry,/A/AutrHa20.htm,C,0,2,1970,False,0,0,0,0,0
Joe Avezzano,/A/AvezJo20.htm,C,0,1,1966,False,0,0,0,0,0
Mike Baab,/B/BaabMi20.htm,C,0,11,1992,False,0,0,0,0,0
David Baas,/B/BaasDa20.htm,G-C,0,9,2013,False,0,0,0,1,0
Joe Bachmaier,/B/BachJo20.htm,C-G-T-E,0,5,1924,False,0,0,0,0,0
 Backnor,/B/Backxx20.htm,C,0,1,1921,False,0,0,0,0,0
Jay Bachman,/B/BachJa20.htm,C,0,4,1971,False,0,0,0,0,0
Don Bailey,/B/BailDo20.htm,C,0,2,1985,False,0,0,0,0,0
Russ Bailey,/B/BailRu20.htm,C,0,2,1921,False,0,0,0,0,0
Brian Baldinger,/B/BaldBr20.htm,G-T-C,0,12,1993,False,0,0,0,0,0
Jack Baldwin,/B/BaldJa20.htm,C-LB,0,3,1948,False,0,0,0,0,0
Jason Ball,/B/BallJa20.htm,C,0,3,2004,False,0,0,0,0,0
Bob Balog,/B/BaloBo20.htm,C-LB,0,2,1950,False,0,0,0,0,0
Ted Banker,/B/BankTe20.htm,G-C-T,0,6,1989,False,0,0,0,0,0
Tom Banks,/B/BankTo01.htm,C-G,0,10,1980,False,0,4,1,0,0
Bradford Banta,/B/BantBr00.htm,TE-C,0,11,2004,False,0,0,0,0,0
Vince Banonis,/B/BanoVi20.htm,C-T-LB,0,12,1953,False,0,0,0,0,0
Ernie Barber,/B/BarbEr20.htm,C-LB,0,1,1945,False,0,0,0,0,0
Tom Barndt,/B/BarnTo20.htm,DT-NT-G-C,0,6,2001,False,0,0,0,0,0
Tim Barnes,/B/BarnTi01.htm,C,0,6,2017,False,0,0,0,0,0
Nate Barragar,/B/BarrNa20.htm,C-G,0,6,1935,False,0,0,0,0,0
Napoleon Barrel,/B/BarrNa21.htm,C,0,1,1923,False,0,0,0,0,0
Emmett Barrett,/B/BarrEm20.htm,C,0,1,1942,False,0,0,0,0,0
Jean Barrett,/B/BarrJe20.htm,T-G-C,0,8,1980,False,0,0,0,0,0
John Barrett,/B/BarrJo20.htm,C-T-E,0,5,1928,False,0,0,0,0,0
Scott Barrows,/B/BarrSc20.htm,G-C,0,3,1988,False,0,0,0,0,0
Jim Barton,/B/BartJi20.htm,C,0,3,1962,False,0,0,0,0,0
Mike Bartrum,/B/BartMi00.htm,TE-C,0,14,2006,False,0,1,0,0,0
Mike Basrak,/B/BasrMi20.htm,C,0,2,1938,False,0,0,1,0,0
Tom Baugh,/B/BaugTo20.htm,C,0,4,1989,False,0,0,0,0,0
Frank Bausch,/B/BausFr20.htm,C,0,8,1941,False,0,1,1,0,0
Colin Baxter,/B/BaxtCo00.htm,C,0,2,2012,False,0,0,0,0,0
Lloyd Baxter,/B/BaxtLl20.htm,C,0,1,1948,False,0,0,0,0,0
Tom Beard,/B/BearTo20.htm,C,0,1,1972,False,0,0,0,0,0
Ed Beatty,/B/BeatEd20.htm,C-LB,0,7,1961,False,0,0,0,0,0
Chuck Bednarik,/B/BednCh00.htm,LB-C,1,14,1962,False,0,8,6,0,0
Frank Beede,/B/BeedFr20.htm,G-C,0,5,2000,False,0,0,0,0,0
Josh Beekman,/B/BeekJo20.htm,C-G,0,3,2009,False,0,0,0,0,0
Dave Behrman,/B/BehrDa00.htm,C-T,0,5,1967,False,0,1,0,0,0
Kevin Belcher,/B/BelcKe20.htm,C-G,0,2,1984,False,0,0,0,0,0
George Belotti,/B/BeloGe20.htm,C,0,2,1961,False,0,0,0,0,0
Al Bemiller,/B/BemiAl00.htm,C-G-T,0,9,1969,False,0,1,0,0,0
Ryan Benjamin,/B/BenjRy21.htm,C,0,3,2003,False,0,0,0,1,0
Brad Benson,/B/BensBr00.htm,T-G-C,0,10,1987,False,0,1,0,1,0
LeCharles Bentley,/B/BentLe00.htm,G-C,0,4,2005,False,0,2,0,0,0
Chuck Bernard,/B/BernCh20.htm,C,0,1,1934,False,0,0,0,0,0
Mil Berner,/B/BernMi20.htm,C,0,1,1933,False,0,0,0,0,0
George Berry,/B/BerrGe20.htm,G-T-C,0,5,1926,False,0,0,0,0,0
Ed Berwick,/B/BerwEd20.htm,C-E,0,1,1926,False,0,0,0,0,0
Warren Beson,/B/BesoWa20.htm,C,0,1,1949,False,0,0,0,0,0
Larry Bettencourt,/B/BettLa20.htm,C,0,1,1933,False,0,0,0,0,0
Eric Beverly,/B/BeveEr00.htm,C-G,0,9,2006,False,0,0,0,0,0
Riley Biggs,/B/BiggRi20.htm,C,0,2,1927,False,0,0,0,0,0
Guy Bingham,/B/BingGu20.htm,C-G-T,0,14,1993,False,0,0,0,0,0
David Binn,/B/BinnDa20.htm,C,0,17,2010,False,0,1,0,0,0
Matt Birk,/B/BirkMa00.htm,C,0,15,2012,False,0,6,0,1,0
Keith Bishop,/B/BishKe00.htm,G-C,0,10,1989,False,0,2,0,0,0
Bob Bjorklund,/B/BjorBo20.htm,C-LB-E,0,1,1941,False,0,0,0,0,0
Hugh Blacklock,/B/BlacHu20.htm,T-C-G,0,7,1926,False,0,0,1,0,0
Bill Blackburn,/B/BlacBi20.htm,C,0,5,1950,False,0,0,0,0,0
Philip Blake,/B/BlakPh00.htm,C,0,1,2012,False,0,0,0,0,0
Mal Bleecker,/B/BleeMa20.htm,G-C,0,1,1930,False,0,0,0,0,0
Greg Bloedorn,/B/BloeGr20.htm,C,0,3,1999,False,0,0,0,0,0
Forrest Blue,/B/BlueFo00.htm,C,0,11,1978,False,0,4,2,0,0
Austin Blythe,/B/BlytAu00.htm,C,0,4,2019,True,0,0,0,0,0
Chris Bober,/B/BobeCh20.htm,C,0,6,2006,False,0,0,0,0,0
John Bock,/B/BockJo21.htm,C-G,0,6,2000,False,0,0,0,0,0
Joe Bock,/B/BockJo20.htm,C,0,1,1987,False,0,0,0,0,0
Evan Boehm,/B/BoehEv00.htm,C,0,4,2019,True,0,0,0,0,0
Taylor Boggs,/B/BoggTa00.htm,C,0,4,2016,False,0,0,0,0,0
Deyshawn Bond,/B/BondDe01.htm,C,0,1,2017,False,0,0,0,0,0
Bruce Bosley,/B/BoslBr00.htm,C-G-DE,0,14,1969,False,0,4,0,0,0
Jeff Bostic,/B/BostJe00.htm,C,0,14,1993,False,0,1,0,3,0
Emil Boures,/B/BourEm20.htm,T-C-G,0,4,1985,False,0,0,0,0,0
Luke Bowanko,/B/BowaLu00.htm,C,0,5,2018,False,0,0,0,0,0
Ken Bowman,/B/BowmKe20.htm,C,0,10,1973,False,0,0,0,2,0
Dennis Boyd,/B/BoydDe20.htm,DT-DE-T-C,0,6,1982,False,0,0,0,0,0
Bradley Bozeman,/B/BozeBr00.htm,C,0,2,2019,True,0,0,0,0,0
Bill Brace,/B/BracBi20.htm,G-C,0,3,1922,False,0,0,0,0,0
Rich Braham,/B/BrahRi20.htm,C-G,0,13,2006,False,0,0,0,0,0
Tom Brahaney,/B/BrahTo20.htm,C,0,9,1981,False,0,0,0,0,0
Art Brandau,/B/BranAr20.htm,C-G,0,2,1946,False,0,0,0,0,0
David Brandt,/B/BranDa22.htm,C-G,0,4,2004,False,0,0,0,0,0
Sam Brazinsky,/B/BrazSa20.htm,C,0,1,1946,False,0,0,0,0,0
Jake Brendel,/B/BrenJa01.htm,C,0,3,2018,False,0,0,0,0,0
Sam Brenner,/B/BrenSa01.htm,C,0,3,2015,False,0,0,0,0,0
Mike Brewster,/B/BrewMi00.htm,C,0,3,2014,False,0,0,0,0,0
Bill Brian,/B/BriaBi20.htm,T-C-LB,0,2,1936,False,0,0,0,0,0
Darrick Brilz,/B/BrilDa20.htm,C-G,0,12,1998,False,0,0,0,1,0
Charley Brock,/B/BrocCh20.htm,C-HB-FB,0,9,1947,False,0,3,1,0,0
Pete Brock,/B/BrocPe20.htm,C-T-G,0,12,1987,False,0,0,0,0,0
Willie Brock,/B/BrocWi20.htm,C,0,1,1978,False,0,0,0,0,0
Bern Brostek,/B/BrosBe20.htm,C-G,0,8,1997,False,0,0,0,0,0
Fred Broussard,/B/BrouFr20.htm,C,0,6,1960,False,0,0,0,0,0
Chuck Brown,/B/BrowCh26.htm,C-G,0,1,1979,False,0,0,0,0,0
Evan Brown,/B/BrowEv00.htm,C,0,1,2019,True,0,0,0,0,0
Jack Brown,/B/BrowJa20.htm,C-G-T,0,4,1929,False,0,0,0,0,0
Jason Brown,/B/BrowJa23.htm,C,0,7,2011,False,0,0,0,0,0
John Brown,/B/BrowJo21.htm,LB-C,0,3,1949,False,0,0,0,0,0
Ken Brown,/B/BrowKe22.htm,C,0,2,1980,False,0,0,0,0,0
Pete Brown,/B/BrowPe20.htm,C-LB,0,2,1954,False,0,0,0,0,0
Richard Brown,/B/BrowRi20.htm,C,0,1,1930,False,0,0,0,0,0
Rob Bruggeman,/B/BrugRo20.htm,C,0,2,2011,False,0,0,0,0,0
Roman Brumm,/B/BrumRo20.htm,E-T-C-G,0,3,1926,False,0,0,0,0,0
Fred Brumm,/B/BrumFr20.htm,T-C,0,1,1921,False,0,0,0,0,0
Bill Bryan,/B/BryaBi20.htm,C-G,0,12,1988,False,0,0,0,0,0
Garland Buckeye,/B/BuckGa20.htm,G-C,0,5,1924,False,0,0,0,0,0
Art Bultman,/B/BultAr20.htm,C-LB-T,0,4,1934,False,0,0,0,0,0
John Bunyan,/B/BunyJo20.htm,G-C,0,4,1932,False,0,0,0,0,0
Jackie Burkett,/B/BurkJa20.htm,LB-C,0,10,1970,False,0,0,0,0,0
Joe Burks,/B/BurkJo21.htm,C,0,1,1926,False,0,0,0,0,0
George Burman,/B/BurmGe20.htm,C-G-T,0,9,1972,False,0,0,0,0,0
Leonard Burton,/B/BurtLe20.htm,C,0,7,1992,False,0,0,0,0,0
Elmer Busch,/B/BuscEl20.htm,G-C,0,1,1922,False,0,0,0,0,0
Blair Bush,/B/BushBl20.htm,C,0,17,1994,False,0,0,0,0,0
Frank Butler,/B/ButlFr20.htm,C-LB-T,0,5,1938,False,0,0,0,0,0
Jeff Byers,/B/ByerJe00.htm,C,0,2,2013,False,0,0,0,0,0
Patrick Cain,/C/CainPa20.htm,C-G,0,1,1987,False,0,0,0,0,0
Antoine Caldwell,/C/CaldAn20.htm,C,0,4,2012,False,0,0,0,0,0
Dean Caliguire,/C/CaliDe20.htm,G-C,0,1,1991,False,0,0,0,0,0
Bob Callahan,/C/CallBo20.htm,C-LB,0,1,1948,False,0,0,0,0,0
Tony Calvelli,/C/CalvTo20.htm,C-G,0,9,1947,False,0,0,0,0,0
Bill Campbell,/C/CampBi20.htm,T-LB-C-DB,0,5,1949,False,0,0,0,0,0
James Campen,/C/CampJa21.htm,C,0,7,1993,False,0,0,0,0,0
Nick Campofreda,/C/CampNi20.htm,C-T,0,1,1944,False,0,0,0,0,0
John Cannady,/C/CannJo00.htm,LB-C,0,8,1954,False,0,2,0,0,0
John Cannella,/C/CannJo21.htm,G-C-LB-T,0,2,1934,False,0,0,0,0,0
Mark Cannon,/C/CannMa20.htm,C,0,8,1991,False,0,0,0,0,0
Carl Cardarelli,/C/CardCa20.htm,C,0,2,1925,False,0,0,0,0,0
Oke Carlson,/C/CarlOk20.htm,T-G-C,0,3,1926,False,0,0,0,0,0
Zuck Carlson,/C/CarlZu20.htm,G-T-C-LB,0,8,1936,False,0,0,1,0,0
Joe Carpe,/C/CarpJo20.htm,T-E-C,0,8,1933,False,0,0,0,0,0
Victor Carroll,/C/CarrVi21.htm,T-C-G,0,12,1947,False,0,1,0,0,0
David Carter,/C/CartDa21.htm,C-G,0,9,1985,False,0,0,0,0,0
Ross Carter,/C/CartRo20.htm,G-C,0,4,1939,False,0,0,0,0,0
Charlie Carton,/C/CartCh21.htm,E-T-G-C,0,1,1925,False,0,0,0,0,0
Daryl Cato,/C/CatoDa20.htm,C-LB,0,1,1946,False,0,0,0,0,0
Tom Catlin,/C/CatlTo20.htm,LB-C,0,7,1959,False,0,0,0,0,0
Braxston Cave,/C/CaveBr00.htm,C,0,1,2014,False,0,0,0,0,0
John Cenci,/C/CencJo20.htm,C,0,1,1956,False,0,0,0,0,0
Gene Ceppetelli,/C/CeppGe20.htm,C,0,2,1969,False,0,0,0,0,0
Joe Cerne,/C/CernJo20.htm,C,0,4,1968,False,0,0,0,0,0
George Chalmers,/C/ChalGe20.htm,C,0,1,1933,False,0,0,0,0,0
Karl Chandler,/C/ChanKa20.htm,C-G,0,6,1979,False,0,0,0,0,0
Mike Chapman,/C/ChapMi20.htm,C-G,0,1,1984,False,0,0,0,0,0
Michael Cheever,/C/CheeMi20.htm,C,0,2,1997,False,0,0,0,0,0
Bill Cherry,/C/CherBi20.htm,C-G,0,2,1987,False,0,0,0,0,0
Chuck Cherundolo,/C/CherCh20.htm,C-LB,0,12,1948,False,0,2,0,0,0
Chet Chesney,/C/ChesCh20.htm,C-LB,0,2,1940,False,0,1,0,0,0
Gene Chilton,/C/ChilGe20.htm,C-T,0,7,1992,False,0,0,0,0,0
Andy Chisick,/C/ChisAn20.htm,C,0,2,1941,False,0,0,0,0,0
John Choma,/C/ChomJo20.htm,G-C-T,0,3,1983,False,0,0,0,1,0
Jeff Christy,/C/ChriJe00.htm,C,0,10,2002,False,0,3,0,1,0
Ben Ciccone,/C/CiccBe20.htm,C,0,9,1942,False,0,0,0,0,0
Jim Clack,/C/ClacJi20.htm,C-G,0,11,1981,False,0,0,0,2,0
Will Clapp,/C/ClapWi00.htm,C,0,2,2019,True,0,0,0,0,0
Babe Clark,/C/ClarBa20.htm,FB-C-T,0,1,1920,False,0,0,0,0,0
Bill Clark,/C/ClarBi20.htm,G-C,0,1,1920,False,0,0,0,0,0
Randy Clark,/C/ClarRa20.htm,C-T-G,0,8,1987,False,0,0,0,0,0
Stu Clarkson,/C/ClarSt23.htm,LB-C,0,10,1951,False,0,0,0,0,0
Ralph Claypool,/C/ClayRa21.htm,C,0,4,1928,False,0,0,1,0,0
Carey Clayton,/C/ClayCa20.htm,C,0,1,2001,False,0,0,0,0,0
Rich Coady,/C/CoadRi20.htm,C-TE,0,5,1974,False,0,0,0,0,0
Nick Cole,/C/ColeNi20.htm,C,0,5,2010,False,0,0,0,0,0
Mason Cole,/C/ColeMa02.htm,C,0,2,2019,True,0,0,0,0,0
Herb Coleman,/C/ColeHe20.htm,C-G,0,3,1948,False,0,0,0,0,0
Calvin Collins,/C/CollCa20.htm,G-C,0,5,2001,False,0,0,0,0,0
Jonathan Compas,/C/CompJo00.htm,C,0,1,2009,False,0,0,0,0,0
Mike Compton,/C/CompMi20.htm,G-C,0,12,2004,False,0,0,0,2,0
Bill Conaty,/C/ConaBi20.htm,C,0,8,2004,False,0,0,0,0,0
Bill Conkright,/C/ConkBi20.htm,C-LB-E-DE,0,8,1944,False,0,0,0,0,0
Gerry Conlee,/C/ConlGe20.htm,C,0,10,1947,False,0,0,0,0,0
Mike Connelly,/C/ConnMi21.htm,C-G-T,0,9,1968,False,0,0,0,0,0
Larry Conover,/C/ConoLa20.htm,C,0,5,1925,False,0,0,0,0,0
Marty Conrad,/C/ConrMa20.htm,C-G-E,0,4,1925,False,0,0,0,0,0
Erik Cook,/C/CookEr00.htm,C-G,0,1,2011,False,0,0,0,0,0
Kyle Cook,/C/CookKy20.htm,C,0,6,2013,False,0,0,0,0,0
Ryan Cook,/C/CookRy20.htm,C,0,7,2012,False,0,0,0,0,0
Larry Coombs,/C/CoomLa20.htm,G-C,0,1,1980,False,0,0,0,0,0
Jim Cooper,/C/CoopJi20.htm,C-LB,0,1,1948,False,0,0,0,0,0
Jim Cooper,/C/CoopJi21.htm,T-C-G,0,10,1986,False,0,0,0,1,0
Jon Cooper,/C/CoopJo21.htm,C,0,2,2010,False,0,0,0,0,0
Norm Cooper,/C/CoopNo20.htm,C-LB,0,2,1938,False,0,0,0,0,0
Jim Copeland,/C/CopeJi21.htm,C-G,0,8,1974,False,0,0,0,0,0
Austin Corbett,/C/CorbAu00.htm,C,0,2,2019,True,0,0,0,0,0
Don Corbitt,/C/CorbDo20.htm,C,0,1,1948,False,0,0,0,0,0
Jack Corcoran,/C/CorcJa20.htm,C-G,0,1,1930,False,0,0,0,0,0
Jim Cordle,/C/CordJi00.htm,C,0,3,2013,False,0,0,0,1,0
Bert Corley,/C/CorlBe20.htm,C,0,2,1948,False,0,0,0,0,0
Martin Cornelson,/C/CornMa20.htm,C,0,1,1987,False,0,0,0,0,0
Frank Cornish,/C/CornFr21.htm,C-G,0,6,1995,False,0,0,0,2,0
Chuck Correal,/C/CorrCh20.htm,C,0,1,1980,False,0,0,0,0,0
Eric Coss,/C/CossEr20.htm,C,0,1,1987,False,0,0,0,0,0
Phil Costa,/C/CostPh00.htm,G-C,0,4,2013,False,0,0,0,0,0
Zed Coston,/C/CostZe20.htm,C,0,1,1939,False,0,0,0,0,0
Bill Cottrell,/C/CottBi20.htm,T-G-C,0,6,1972,False,0,0,0,0,0
Tex Coulter,/C/CoulTe00.htm,T-C-E,0,7,1952,False,0,2,0,0,0
John Cowne,/C/CownJo20.htm,C,0,1,1987,False,0,0,0,1,0
Morgan Cox,/C/CoxxMo00.htm,C,0,10,2019,True,0,3,0,1,0
Eric Coyle,/C/CoylEr20.htm,C,0,1,1987,False,0,0,0,1,0
Paul Crane,/C/CranPa20.htm,LB-C,0,7,1972,False,0,0,0,1,0
Elbert Crawford,/C/CrawEl20.htm,G-C,0,2,1991,False,0,0,0,0,0
Hank Critchfield,/C/CritHa20.htm,C,0,1,1931,False,0,0,0,0,0
Al Crook,/C/CrooAl20.htm,C-G-T,0,2,1926,False,0,0,0,0,0
Sylvester Croom,/C/CrooSy20.htm,C,0,1,1975,False,0,0,0,0,0
Randy Cross,/C/CrosRa00.htm,G-C,0,13,1988,False,0,3,0,3,0
Dave Crossan,/C/CrosDa20.htm,C,0,5,1969,False,0,0,0,0,0
Billy Crouch,/C/CrouBi20.htm,C,0,1,1921,False,0,0,0,0,0
Orien Crow,/C/CrowOr20.htm,C,0,2,1934,False,0,0,0,0,0
Bernie Crowl,/C/CrowBe20.htm,G-C,0,1,1930,False,0,0,0,0,0
Walt Cudzik,/C/CudzWa20.htm,C-LB,0,11,1964,False,0,0,0,0,0
Frank Culver,/C/CulvFr20.htm,C-E,0,3,1925,False,0,0,0,0,0
Ed Cunningham,/C/CunnEd20.htm,C-G,0,5,1996,False,0,0,0,0,0
Leon Cunningham,/C/CunnLe20.htm,LB-C,0,1,1955,False,0,0,0,0,0
Bill Curry,/C/CurrBi00.htm,C-LB,0,10,1974,False,0,2,0,2,0
Carson Dach,/D/DachCa20.htm,C,0,1,2003,False,0,0,0,0,0
Dave Dalby,/D/DalbDa00.htm,C,0,14,1985,False,0,1,0,3,0
Ken Dallafior,/D/DallKe20.htm,G-T-C,0,8,1992,False,0,0,0,0,0
Chris Dalman,/D/DalmCh20.htm,C-G,0,7,1999,False,0,0,0,1,0
Slats Dalrymple,/D/DalrSl20.htm,C,0,1,1922,False,0,0,0,0,0
John Damore,/D/DamoJo20.htm,C-G,0,3,1959,False,0,0,0,0,0
James Daniels,/D/DaniJa01.htm,C,0,2,2019,True,0,0,0,0,0
Jean-Phillipe Darche,/D/DarcJe20.htm,C,0,9,2008,False,0,0,0,0,0
Boob Darling,/D/DarlBo20.htm,C,0,5,1931,False,0,0,0,0,0
Matt Darwin,/D/DarwMa20.htm,T-C,0,5,1990,False,0,0,0,0,0
Dick Daugherty,/D/DaugDi00.htm,G-LB-C,0,8,1958,False,0,1,0,0,0
Lou Daukas,/D/DaukLo20.htm,C,0,1,1947,False,0,0,0,0,0
Greg Davidson,/D/DaviGr20.htm,C,0,3,1982,False,0,0,0,0,0
Joe Davidson,/D/DaviJo20.htm,G-C,0,3,1930,False,0,0,0,0,0
John Davis,/D/DaviJo23.htm,G-T-C,0,8,1994,False,0,0,0,0,0
Kyle Davis,/D/DaviKy20.htm,C,0,4,1978,False,0,0,0,0,0
Ray Davis,/D/DaviRa21.htm,C-G-T-E,0,2,1933,False,0,0,0,0,0
Rob Davis,/D/DaviRo20.htm,C,0,12,2007,False,0,0,0,0,0
Dermontti Dawson,/D/DawsDe00.htm,C-G,1,13,2000,False,0,7,6,0,0
James Dearth,/D/DearJa00.htm,TE-C,0,11,2009,False,0,0,0,0,0
Frank DeClerk,/D/DeClFr20.htm,C,0,3,1925,False,0,0,0,0,0
Lou DeFilippo,/D/DeFiLo20.htm,T-C,0,7,1947,False,0,0,0,0,0
Bob deLauer,/D/deLaBo20.htm,C,0,2,1946,False,0,0,0,0,0
Tom DeLeone,/D/DeLeTo00.htm,C,0,13,1984,False,0,2,0,0,0
Jeff Dellenbach,/D/DellJe20.htm,C-T-G,0,15,1999,False,0,0,0,1,0
Johnny Dell Isola,/D/DellJo20.htm,G-C,0,7,1940,False,0,0,0,0,0
Al DeMao,/D/DeMaAl20.htm,C-LB,0,9,1953,False,0,0,0,0,0
Bob DeMarco,/D/DeMaBo00.htm,C-G,0,15,1975,False,0,3,2,0,0
John Demarie,/D/DemaJo20.htm,G-T-C,0,10,1976,False,0,0,0,0,0
Mark Dennard,/D/DennMa20.htm,C,0,7,1985,False,0,0,0,0,0
John Denney,/D/DennJo20.htm,DE-C,0,14,2018,False,0,2,0,0,0
Guy Dennis,/D/DennGu20.htm,G-C,0,7,1975,False,0,0,0,0,0
Jack Depler,/D/DeplJa20.htm,C-T,0,9,1929,False,0,0,0,0,0
Art Deremer,/D/DereAr20.htm,C,0,1,1942,False,0,0,0,0,0
Paul Des Jardien,/D/DesJPa20.htm,C-E,0,3,1922,False,0,0,0,0,0
Kyle DeVan,/D/DeVaKy00.htm,C,0,4,2012,False,0,0,0,0,0
Mike Devlin,/D/DevlMi20.htm,C-G,0,7,1999,False,0,0,0,0,0
David Diaz-Infante,/D/DiazDa20.htm,G-C,0,15,2001,False,0,0,0,2,0
John Didion,/D/DidiJo20.htm,C-LB,0,6,1974,False,0,0,0,0,0
Dan Dierdorf,/D/DierDa00.htm,T-G-C,1,13,1983,False,0,6,3,0,0
Curt DiGiacomo,/D/DiGiCu20.htm,G-C,0,3,1988,False,0,0,0,0,0
Scott Dill,/D/DillSc20.htm,T-G-C,0,10,1997,False,0,0,0,0,0
Tony DiMidio,/D/DiMiTo20.htm,T-C,0,2,1967,False,0,0,0,0,0
Tom Dimmick,/D/DimmTo20.htm,C-T-LB,0,5,1960,False,0,0,0,0,0
Gennaro DiNapoli,/D/DiNaGe20.htm,C-G,0,5,2003,False,0,0,0,0,0
Chris Dishman,/D/DishCh20.htm,G-C,0,8,2004,False,0,0,0,0,0
Cal Dixon,/D/DixoCa20.htm,C,0,5,1996,False,0,0,0,0,0
Kevin Dogins,/D/DogiKe20.htm,G-C,0,7,2002,False,0,0,0,0,0
Jerry Doerger,/D/DoerJe20.htm,C-T,0,4,1985,False,0,0,0,0,0
Mel Doherty,/D/DoheMe20.htm,C,0,1,1921,False,0,0,0,0,0
Joe Domnanovich,/D/DomnJo20.htm,C-LB,0,6,1951,False,0,0,0,0,0
Waldo Don Carlos,/D/DonCWa20.htm,C,0,1,1931,False,0,0,0,0,0
Ray Donaldson,/D/DonaRa00.htm,C,0,17,1996,False,0,6,0,1,0
Rick Donnalley,/D/DonnRi20.htm,C-G,0,6,1987,False,0,0,0,0,0
Art Dorfman,/D/DorfAr20.htm,C,0,1,1929,False,0,0,0,0,0
Jon Dorenbos,/D/DoreJo20.htm,C,0,14,2016,False,0,2,0,0,0
Thom Dornbrook,/D/DornTh20.htm,G-C,0,2,1980,False,0,0,0,1,0
Jap Douds,/D/DoudJa20.htm,T-G-C,0,5,1934,False,0,0,1,0,0
Phil Dougherty,/D/DougPh20.htm,C,0,1,1938,False,0,1,0,0,0
David Douglas,/D/DougDa20.htm,C-T-G,0,5,1990,False,0,0,0,0,0
Jay Douglas,/D/DougJa20.htm,C,0,2,1974,False,0,0,0,0,0
Jerry Dowd,/D/DowdJe20.htm,C,0,1,1939,False,0,0,0,0,0
Walt Downing,/D/DownWa20.htm,G-C,0,6,1983,False,0,0,0,1,0
Tommie Draheim,/D/DrahTo00.htm,C,0,1,2012,False,0,0,0,0,0
Justin Drescher,/D/DresJu20.htm,C,0,8,2017,False,0,0,0,0,0
Walt Dubzinski,/D/DubzWa20.htm,C-G,0,2,1944,False,0,0,0,0,0
Paul Dufault,/D/DufaPa20.htm,C,0,1,1987,False,0,0,0,0,0
Roger Duffy,/D/DuffRo20.htm,G-C,0,12,2001,False,0,0,0,0,0
Len Dugan,/D/DugaLe20.htm,C-LB,0,4,1939,False,0,0,0,0,0
Paul Duke,/D/DukePa20.htm,C-LB,0,1,1947,False,0,0,0,0,0
Jamie Dukes,/D/DukeJa20.htm,C-G,0,10,1995,False,0,0,0,0,0
Doug Dumler,/D/DumlDo20.htm,C,0,5,1977,False,0,0,0,0,0
Howard Duncan,/D/DuncHo20.htm,C,0,1,1948,False,0,0,0,0,0
Bob Dunn,/D/DunnBo20.htm,C-T,0,1,1929,False,0,0,0,0,0
Casey Dunn,/D/DunnCa00.htm,C,0,1,2018,True,0,0,0,0,0
Jug Earp,/E/EarpJu20.htm,C-T-G,0,12,1932,False,0,0,0,0,0
Nick Easton,/E/EastNi00.htm,C,0,4,2019,True,0,0,0,0,0
Jess Eberdt,/E/EberJe20.htm,C,0,1,1932,False,0,0,0,0,0
Keith Eck,/E/EckxKe20.htm,C-G,0,1,1979,False,0,0,0,0,0
Brad Ecklund,/E/EcklBr00.htm,C-LB,0,5,1953,False,0,2,0,0,0
Dolph Eckstein,/E/EcksDo20.htm,C,0,2,1926,False,0,0,0,0,0
Andrew Economos,/E/EconAn20.htm,C,0,8,2013,False,0,0,0,0,0
Van Edmondson,/E/EdmoVa20.htm,C,0,1,1926,False,0,0,0,0,0
Monk Edwards,/E/EdwaMo20.htm,G-C-T,0,7,1946,False,0,0,0,0,0
Clyde Ehrhardt,/E/EhrhCl20.htm,C,0,4,1949,False,0,0,0,0,0
Ed Eiden,/E/EideEd20.htm,C,0,1,1944,False,0,0,0,0,0
Jim Eidson,/E/EidsJi20.htm,G-C,0,1,1976,False,0,0,0,0,0
Stan Eisenhooth,/E/EiseSt20.htm,C-T,0,2,1989,False,0,0,0,0,0
Hicham El-Mashtoub,/E/El-MHi20.htm,C,0,2,1996,False,0,0,0,0,0
Brody Eldridge,/E/EldrBr00.htm,C,0,2,2011,False,0,0,0,0,0
Pat Elflein,/E/ElflPa00.htm,C,0,3,2019,True,0,0,0,0,0
Matt Elliott,/E/ElliMa20.htm,G-C,0,6,1997,False,0,0,0,0,0
Herb Ellis,/E/ElliHe20.htm,C-LB,0,1,1949,False,0,0,0,0,0
Roger Ellis,/E/ElliRo20.htm,LB-C,0,4,1963,False,0,0,0,0,0
Charley Ellzey,/E/EllzCh20.htm,C-LB,0,2,1961,False,0,0,0,0,0
Dutch Elston,/E/ElstDu20.htm,C-BB,0,7,1948,False,0,0,0,0,0
Ox Emerson,/E/EmerOx20.htm,G-C,0,8,1938,False,0,0,5,0,0
Greg Engel,/E/EngeGr20.htm,C,0,5,1999,False,0,0,0,0,0
Derek Engler,/E/EnglDe20.htm,C,0,4,2000,False,0,0,0,0,0
Alonzo Ephraim,/E/EphrAl20.htm,C,0,3,2005,False,0,0,0,0,0
Bud Erickson,/E/EricBu20.htm,C,0,2,1939,False,0,0,0,0,0
Mickey Erickson,/E/EricMi20.htm,C,0,3,1932,False,0,0,0,0,0
Herb Eschbach,/E/EschHe20.htm,C,0,2,1931,False,0,0,0,0,0
John Estes,/E/EsteJo00.htm,C,0,2,2012,False,0,0,0,0,0
Mike Evans,/E/EvanMi20.htm,C,0,6,1973,False,0,0,0,0,0
Steve Everitt,/E/EverSt20.htm,C-G,0,8,2000,False,0,0,0,0,0
Jeff Faine,/F/FainJe20.htm,C,0,10,2012,False,0,0,0,0,0
Greg Fairchild,/F/FairGr20.htm,G-T-C,0,3,1978,False,0,0,0,0,0
Paul Fairchild,/F/FairPa20.htm,G-C,0,7,1990,False,0,0,0,0,0
Nick Farina,/F/FariNi20.htm,C,0,1,1927,False,0,0,0,0,0
Ken Farragut,/F/FarrKe00.htm,C-LB,0,4,1954,False,0,1,0,0,0
Dillon Farrell,/F/FarrDi00.htm,C,0,1,2014,False,0,0,0,0,0
Hal Faverty,/F/FaveHa20.htm,LB-DE-C,0,1,1952,False,0,0,0,0,0
Bill Feaster,/F/FeasBi20.htm,T-C,0,2,1930,False,0,0,0,0,0
Grant Feasel,/F/FeasGr20.htm,C,0,10,1992,False,0,0,0,0,0
Gerry Feehery,/F/FeehGe20.htm,C-G,0,6,1988,False,0,0,0,0,0
Al Feeney,/F/FeenAl20.htm,C,0,2,1921,False,0,0,0,0,0
Bernie Feibish,/F/FeibBe20.htm,C,0,1,1941,False,0,0,0,0,0
Carl Fennema,/F/FennCa20.htm,C-LB,0,2,1949,False,0,0,0,0,0
James Ferguson,/F/FergJa20.htm,C-LB,0,2,1969,False,0,0,0,0,0
James Ferentz,/F/FereJa00.htm,C,0,6,2019,True,0,0,0,2,0
Brad Fichtel,/F/FichBr20.htm,C,0,1,1994,False,0,0,0,0,0
Joe Fields,/F/FielJo00.htm,C-G,0,14,1988,False,0,2,1,0,0
B.J. Finney,/F/FinnB.01.htm,C,0,4,2019,True,0,0,0,0,0
Mark Fischer,/F/FiscMa20.htm,C,0,3,2000,False,0,0,0,0,0
Ed Fisher,/F/FishEd20.htm,G-C-DE,0,9,1982,False,0,0,0,0,0
Freeman Fitzgerald,/F/FitzFr21.htm,C-G,0,2,1921,False,0,0,0,0,0
Jim Fitzgerald,/F/FitzJi20.htm,C,0,2,1931,False,0,0,0,0,0
John Fitzgerald,/F/FitzJo21.htm,C-G,0,10,1980,False,0,0,0,2,0
Jack Flagerman,/F/FlagJa20.htm,C-LB,0,1,1948,False,0,0,0,0,0
Dick Flanagan,/F/FlanDi20.htm,LB-G-C,0,8,1955,False,0,0,0,0,0
Ed Flanagan,/F/FlanEd00.htm,C,0,12,1976,False,0,4,0,0,0
Mike Flanagan,/F/FlanMi00.htm,C-T,0,10,2007,False,0,1,0,0,0
John Flannery,/F/FlanJo20.htm,G-C,0,8,1998,False,0,0,0,0,0
Bill Fleckenstein,/F/FlecBi20.htm,G-E-T-C,0,7,1931,False,0,0,0,0,0
Jim Flower,/F/FlowJi20.htm,T-E-C-G,0,6,1925,False,0,0,0,0,0
Bob Flowers,/F/FlowBo20.htm,C-LB,0,8,1949,False,0,0,0,0,0
Keith Flowers,/F/FlowKe20.htm,C-LB,0,1,1952,False,0,0,0,0,0
Owen Floyd,/F/FloyOw20.htm,C,0,2,1921,False,0,0,0,0,0
Mike Flynn,/F/FlynMi20.htm,C-G,0,10,2007,False,0,0,0,1,0
Dave Foley,/F/FoleDa00.htm,T-C,0,9,1977,False,0,1,0,0,0
Brian Folkerts,/F/FolkBr00.htm,C,0,3,2015,False,0,0,0,0,0
Vern Foltz,/F/FoltVe20.htm,C-LB,0,2,1945,False,0,0,0,0,0
Jerry Fontenot,/F/FontJe20.htm,C-G,0,16,2004,False,0,0,0,0,0
Chris Foote,/F/FootCh20.htm,C-G,0,11,1990,False,0,0,0,0,0
Ben Forsyth,/F/ForsBe20.htm,C,0,1,1920,False,0,0,0,0,0
Roman Fortin,/F/FortRo20.htm,C-T-G,0,10,2000,False,0,0,0,0,0
Amos Fowler,/F/FowlAm20.htm,C-G,0,7,1984,False,0,0,0,0,0
Melvin Fowler,/F/FowlMe20.htm,C-G,0,7,2008,False,0,0,0,0,0
Wayne Fowler,/F/FowlWa20.htm,C,0,1,1970,False,0,0,0,0,0
Hank Fraley,/F/FralHa20.htm,C-G,0,10,2010,False,0,0,0,0,0
Dennis Franks,/F/FranDe20.htm,C,0,4,1979,False,0,0,0,0,0
John Frantz,/F/FranJo23.htm,C,0,1,1968,False,0,0,0,0,0
Wayne Frazier,/F/FrazWa20.htm,C-LB,0,6,1967,False,0,0,0,0,0
Travis Frederick,/F/FredTr00.htm,C,0,7,2019,True,0,5,1,0,0
Dalton Freeman,/F/FreeDa00.htm,C,0,1,2014,False,0,0,0,0,0
Mike Freeman,/F/FreeMi21.htm,C-G,0,5,1988,False,0,0,0,0,0
Ben Fricke,/F/FricBe20.htm,C-G,0,3,2001,False,0,0,0,0,0
Ray Frick,/F/FricRa20.htm,C,0,1,1941,False,0,0,0,0,0
Ted Fritsch,/F/FritTe21.htm,C,0,8,1979,False,0,0,0,0,0
John Frongillo,/F/FronJo20.htm,C-G,0,5,1966,False,0,0,0,0,0
Dustin Fry,/F/FryxDu20.htm,C,0,1,2007,False,0,0,0,0,0
Frank Fuller,/F/FullFr20.htm,DT-T-G-C-DE,0,11,1963,False,0,1,0,0,0
Kyle Fuller,/F/FullKy01.htm,C,0,2,2018,True,0,0,0,0,0
Brandon Fusco,/F/FuscBr00.htm,C,0,8,2018,False,0,0,0,0,0
Stan Galazin,/G/GalaSt20.htm,C,0,3,1939,False,0,1,0,0,0
Andy Gallik,/G/GallAn00.htm,C,0,1,2015,False,0,0,0,0,0
Kendall Gammon,/G/GammKe00.htm,C-TE,0,15,2006,False,0,1,0,0,0
Frank Garcia,/G/GarcFr21.htm,C-G,0,9,2003,False,0,0,0,0,0
Max Garcia,/G/GarcMa00.htm,C,0,5,2019,True,0,0,0,1,0
Thurman Garrett,/G/GarrTh20.htm,C,0,2,1948,False,0,0,0,0,0
Hec Garvey,/G/GarvHe20.htm,G-E-T-C,0,10,1931,False,0,0,0,0,0
Roberto Garza,/G/GarzRo20.htm,G-C,0,14,2014,False,0,0,0,0,0
Les Gatewood,/G/GateLe20.htm,C,0,2,1947,False,0,0,0,0,0
Frank Gatski,/G/GatsFr00.htm,C-LB,1,12,1957,False,0,1,3,0,0
Frank Gause,/G/GausFr20.htm,C-G,0,1,1929,False,0,0,0,0,0
Chet Gay,/G/GayxCh20.htm,G-T-C,0,2,1926,False,0,0,0,0,0
John Gerak,/G/GeraJo20.htm,G-C,0,5,1997,False,0,0,0,0,0
Garth Gerhart,/G/GerhGa00.htm,C,0,3,2014,False,0,0,0,0,0
John Gesek,/G/GeseJo20.htm,G-C,0,9,1995,False,0,0,0,2,0
Eric Ghiaciuc,/G/GhiaEr20.htm,C,0,4,2008,False,0,0,0,0,0
Joe Gibson,/G/GibsJo20.htm,C-E,0,6,1947,False,0,0,0,0,0
Dennis Gildea,/G/GildDe20.htm,C-T-G,0,1,1926,False,0,0,0,0,0
Sloko Gill,/G/GillSl20.htm,C-LB-G,0,1,1942,False,0,0,0,0,0
Fred Gillett,/G/GillFr00.htm,C-LB-G,0,3,1964,False,0,0,0,0,0
Jon Gilliam,/G/GillJo02.htm,C,0,7,1967,False,0,1,0,0,0
Don Gillis,/G/GillDo20.htm,C,0,4,1961,False,0,0,0,0,0
Tommie Ginn,/G/GinnTo20.htm,C-G,0,2,1981,False,0,0,0,0,0
Mike Gisler,/G/GislMi20.htm,C-G,0,7,1999,False,0,0,0,0,0
Chet Gladchuk,/G/GladCh20.htm,C-G-T,0,7,1947,False,0,0,0,0,0
Bill Glass,/G/GlasBi00.htm,DE-C-T,0,11,1968,False,0,4,0,0,0
Kevin Glover,/G/GlovKe00.htm,C-G,0,15,1999,False,0,3,0,0,0
Bill Godwin,/G/GodwBi20.htm,C-LB,0,2,1948,False,0,0,0,0,0
Joe Goebel,/G/GoebJo20.htm,C,0,1,1987,False,0,0,0,0,0
George Goeddeke,/G/GoedGe00.htm,G-C-T,0,6,1972,False,0,1,0,0,0
Derrel Gofourth,/G/GofoDe20.htm,G-C,0,8,1984,False,0,0,0,0,0
Wendell Goldsmith,/G/GoldWe20.htm,C,0,1,1940,False,0,0,0,0,0
Archie Golembeski,/G/GoleAr20.htm,E-G-C,0,5,1929,False,0,0,0,0,0
Conrad Goode,/G/GoodCo20.htm,T-G-C,0,4,1987,False,0,0,0,0,0
Irv Goode,/G/GoodIr00.htm,G-T-C,0,13,1974,False,0,2,0,1,0
Tom Goode,/G/GoodTo00.htm,C-LB,0,9,1970,False,0,1,0,1,0
Shag Goolsby,/G/GoolSh20.htm,C,0,1,1940,False,0,0,0,0,0
Steve Gordon,/G/GordSt20.htm,C,0,1,1998,False,0,0,0,0,0
Ben Gottschalk,/G/GottBe00.htm,C,0,1,2016,False,0,0,0,0,0
Hippo Gozdowski,/G/GozdHi20.htm,FB-G-C,0,1,1922,False,0,0,0,0,0
Ted Grabinski,/G/GrabTe20.htm,C-LB-G,0,2,1940,False,0,0,0,0,0
Steven Grace,/G/GracSt20.htm,C,0,1,2002,False,0,0,0,0,0
Aaron Graham,/G/GrahAa20.htm,C,0,7,2002,False,0,0,0,0,0
Lyle Graham,/G/GrahLy20.htm,C,0,1,1941,False,0,0,0,0,0
Aaron Grant,/G/GranAa20.htm,C,0,1,1930,False,0,0,0,0,0
Darryl Grant,/G/GranDa20.htm,DT-G-C-T,0,11,1991,False,0,0,0,2,0
Will Grant,/G/GranWi20.htm,C,0,10,1987,False,0,0,0,0,0
Hroniss Grasu,/G/GrasHr00.htm,C,0,5,2019,True,0,0,0,0,0
Jeff Grau,/G/GrauJe20.htm,C,0,2,2003,False,0,0,0,0,0
Ray Graves,/G/GravRa20.htm,C,0,5,1946,False,0,0,0,0,0
Bill Gray,/G/GrayBi20.htm,G-C-BB,0,2,1948,False,0,0,0,0,0
Chris Gray,/G/GrayCh20.htm,G-C,0,15,2007,False,0,0,0,0,0
Bucky Greeley,/G/GreeBu20.htm,C,0,1,1997,False,0,0,0,0,0
Tom Greenfield,/G/GreeTo21.htm,C-LB,0,3,1941,False,0,1,0,0,0
Mike Gregory,/G/GregMi20.htm,C,0,1,1931,False,0,0,0,0,0
Hal Griffen,/G/GrifHa20.htm,C-T,0,5,1932,False,0,0,0,0,0
Bob Griffin,/G/GrifBo20.htm,LB-C,0,9,1961,False,0,0,0,0,0
Randy Grimes,/G/GrimRa20.htm,C-G,0,10,1992,False,0,0,0,0,0
Russ Grimm,/G/GrimRu00.htm,G-C,1,11,1991,False,0,4,3,3,0
Jerry Groom,/G/GrooJe00.htm,MG-DT-C-LB,0,5,1955,False,0,1,0,0,0
Lee Gross,/G/GrosLe20.htm,C,0,5,1979,False,0,0,0,0,0
Jake Grove,/G/GrovJa20.htm,C-G,0,6,2009,False,0,0,0,0,0
Lou Groza,/G/GrozLo20.htm,T-C-DT-K,1,22,1967,False,0,9,4,0,0
Sam Gruneisen,/G/GrunSa20.htm,C-G-LB,0,12,1973,False,0,0,0,0,0
Tim Grunhard,/G/GrunTi20.htm,C,0,11,2000,False,0,1,0,0,0
Mike Gruttadauria,/G/GrutMi20.htm,C,0,7,2002,False,0,0,0,1,0
Henry Gude,/G/GudeHe20.htm,C-G,0,1,1946,False,0,0,0,0,0
Harry Gunderson,/G/GundHa20.htm,C-G,0,3,1922,False,0,0,0,0,0
Ed Gustafson,/G/GustEd20.htm,C-LB,0,2,1948,False,0,0,0,0,0
Andre Gurode,/G/GuroAn20.htm,G-C,0,12,2013,False,0,5,0,0,0
Brock Gutierrez,/G/GutiBr20.htm,C,0,9,2005,False,0,0,0,0,0
Charlie Guy,/G/GuyxCh20.htm,C-G-BB,0,6,1925,False,0,0,0,0,0
Nick Haden,/H/HadeNi20.htm,G-C,0,1,1986,False,0,0,0,0,0
Rex Hadnot,/H/HadnRe20.htm,G-C,0,9,2012,False,0,0,0,0,0
Swede Hagberg,/H/HagbSw20.htm,C-B-T,0,2,1930,False,0,0,1,0,0
Fred Hageman,/H/HageFr20.htm,C-LB,0,4,1964,False,0,0,0,0,0
Halvor Hagen,/H/HageHa20.htm,G-DE-T-C,0,7,1975,False,0,0,0,0,0
Chuck Hajek,/H/HajeCh20.htm,C-LB,0,1,1934,False,0,0,0,0,0
Courtney Hall,/H/HallCo22.htm,C-G,0,8,1996,False,0,0,0,0,0
Harold Hall,/H/HallHa20.htm,C,0,1,1942,False,0,0,0,0,0
Bob Hallen,/H/HallBo20.htm,G-C,0,8,2005,False,0,0,0,0,0
Jack Haman,/H/HamaJa20.htm,C,0,2,1941,False,0,0,0,0,0
Ben Hamilton,/H/HamiBe20.htm,G-C,0,9,2010,False,0,0,0,0,0
Gene Hamlin,/H/HamlGe20.htm,C,0,3,1972,False,0,0,0,0,0
Dick Handley,/H/HandDi20.htm,C-LB,0,1,1947,False,0,0,0,0,0
Geoff Hangartner,/H/HangGe20.htm,C,0,9,2013,False,0,0,0,0,0
Wayne Hansen,/H/HansWa20.htm,LB-C-G-T,0,11,1960,False,0,0,0,0,0
Hal Hanson,/H/HansHa21.htm,C-G-T,0,3,1923,False,0,0,0,0,0
Homer Hanson,/H/HansHo20.htm,C-G-LB,0,3,1936,False,0,0,0,0,0
Ray Hanson,/H/HansRa20.htm,G-C-T,0,1,1923,False,0,0,0,0,0
Dave Harbour,/H/HarbDa20.htm,C,0,2,1989,False,0,0,0,0,0
Roger Harding,/H/HardRo20.htm,C-LB,0,5,1949,False,0,0,0,0,0
Nick Hardwick,/H/HardNi55.htm,C,0,11,2014,False,0,1,0,0,0
Ham Harmon,/H/HarmHa20.htm,C,0,1,1937,False,0,0,0,0,0
Maurice Harper,/H/HarpMa21.htm,C,0,4,1940,False,0,0,0,0,0
Dennis Harrah,/H/HarrDe01.htm,G-C,0,13,1987,False,0,6,1,0,0
Rick Harrell,/H/HarrRi20.htm,C,0,1,1973,False,0,0,0,0,0
Leroy Harris,/H/HarrLe21.htm,C,0,7,2013,False,0,0,0,0,0
Michael Harris,/H/HarrMi20.htm,C-G,0,1,1989,False,0,0,0,0,0
Jonotthan Harrison,/H/HarrJo03.htm,C,0,6,2019,True,0,0,0,0,0
Jeff Hartings,/H/HartJe55.htm,C-G,0,11,2006,False,0,2,1,1,0
George Hartong,/H/HartGe20.htm,G-T-C,0,4,1924,False,0,0,0,0,0
Justin Hartwig,/H/HartJu20.htm,C-G,0,8,2009,False,0,0,0,1,0
Norm Harvey,/H/HarvNo20.htm,T-E-C-G,0,5,1929,False,0,0,0,0,0
Len Hauss,/H/HausLe00.htm,C,0,14,1977,False,0,5,0,0,0
Charlie Havens,/H/HaveCh20.htm,C-T,0,1,1930,False,0,0,0,0,0
Ken Hayden,/H/HaydKe21.htm,C,0,2,1943,False,0,0,0,0,0
Larry Hayes,/H/HayeLa20.htm,C-LB,0,3,1963,False,0,0,0,0,0
Joe Haynes,/H/HaynJo20.htm,C-G,0,1,1947,False,0,0,0,0,0
Mel Hein,/H/HeinMe20.htm,C-LB,1,15,1945,False,0,0,0,0,0
Eric Heitmann,/H/HeitEr20.htm,G-C,0,8,2009,False,0,0,0,0,0
Jack Heldt,/H/HeldJa20.htm,G-C,0,4,1926,False,0,0,0,0,0
Dale Hellestrae,/H/HellDa20.htm,T-G-C,0,17,2001,False,0,0,0,3,0
Jim Hendley,/H/HendJi20.htm,C,0,1,1987,False,0,0,0,0,0
Ken Henson,/H/HensKe20.htm,C,0,1,1965,False,0,0,0,0,0
Hoot Herrin,/H/HerrHo20.htm,C-G,0,1,1931,False,0,0,0,0,0
Hal Herring,/H/HerrHa20.htm,LB-C,0,4,1952,False,0,0,0,0,0
R.W. Hicks,/H/HickR.20.htm,C,0,1,1975,False,0,0,0,0,0
Austin Higgins,/H/HiggAu20.htm,C-E,0,3,1923,False,0,0,0,0,0
Buzz Highsmith,/H/HighBu20.htm,G-T-C,0,5,1972,False,0,0,0,0,0
Jay Hilgenberg,/H/HilgJa00.htm,C-G,0,13,1993,False,0,7,2,1,0
Joel Hilgenberg,/H/HilbJo00.htm,C-G,0,10,1993,False,0,1,0,0,0
Don Hill,/H/HillDo20.htm,TB-WB-HB-C,0,1,1929,False,0,0,0,0,0
John Hill,/H/HillJo20.htm,C-T,0,14,1985,False,0,0,0,0,0
Ralph Hill,/H/HillRa21.htm,C,0,2,1977,False,0,0,0,0,0
Chuck Hinton,/H/HintCh21.htm,C,0,3,1969,False,0,0,0,0,0
Doug Hire,/H/HireDo20.htm,C,0,1,1987,False,0,0,0,0,0
Ray Hitchcock,/H/HitcRa20.htm,C,0,1,1987,False,0,0,0,1,0
Fred Hoaglin,/H/HoagFr00.htm,C,0,11,1976,False,0,1,0,0,0
Russ Hochstein,/H/HochRu20.htm,C-G,0,11,2012,False,0,0,0,3,0
Drew Hodgdon,/H/HodgDr20.htm,C,0,3,2007,False,0,0,0,0,0
Tom Hogan,/H/HogaTo20.htm,T-G-C-E,0,3,1926,False,0,0,0,0,0
Khaled Holmes,/H/HolmKh00.htm,C,0,3,2015,False,0,0,0,0,0
E.J. Holub,/H/HoluE.00.htm,LB-C,0,10,1970,False,0,5,2,1,0
Charles Hope,/H/HopeCh20.htm,G-C,0,1,1994,False,0,0,0,0,0
Greg Horton,/H/HortGr20.htm,G-C,0,5,1980,False,0,0,0,0,0
Jim Hough,/H/HougJi20.htm,G-C,0,9,1986,False,0,0,0,0,0
John Houser,/H/HousJo20.htm,G-C-T,0,7,1963,False,0,0,0,0,0
Kevin Houser,/H/HousKe01.htm,C,0,11,2010,False,0,0,0,0,0
Mike Hudock,/H/HudoMi20.htm,C,0,8,1967,False,0,0,0,0,0
John Hudson,/H/HudsJo20.htm,G-C,0,10,2000,False,0,0,0,1,0
Dave Huffman,/H/HuffDa21.htm,G-C,0,12,1990,False,0,0,0,0,0
Bernie Hughes,/H/HughBe20.htm,C,0,3,1936,False,0,0,0,0,0
Billy Hughes,/H/HughBi20.htm,G-C,0,5,1941,False,0,1,0,0,0
Denny Hughes,/H/HughDe20.htm,C,0,1,1925,False,0,0,0,0,0
Ernie Hughes,/H/HughEr20.htm,C-G,0,6,1983,False,0,0,0,0,0
Pat Hughes,/H/HughPa20.htm,LB-C,0,10,1979,False,0,0,0,0,0
Kent Hull,/H/HullKe00.htm,C,0,11,1996,False,0,3,2,0,0
Paul Humphrey,/H/HumpPa20.htm,C,0,1,1939,False,0,0,0,0,0
Tommy Humphrey,/H/HumpTo20.htm,C,0,1,1974,False,0,0,0,0,0
Calvin Hunt,/H/HuntCa20.htm,C,0,4,1973,False,0,0,0,0,0
Joey Hunt,/H/HuntJo00.htm,C,0,4,2019,True,0,0,0,0,0
Art Hunter,/H/HuntAr00.htm,C-T,0,12,1965,False,0,1,0,0,0
Greg Huntington,/H/HuntGr20.htm,C-G,0,6,1998,False,0,0,0,0,0
Glenn Hyde,/H/HydeGl20.htm,T-G-C,0,12,1987,False,0,0,0,0,0
Bob Hyland,/H/HylaBo20.htm,C-G,0,11,1977,False,0,0,0,1,0
Gabe Ikard,/I/IkarGa00.htm,C,0,3,2016,False,0,0,0,0,0
Ken Iman,/I/ImanKe20.htm,C,0,15,1974,False,0,0,0,0,0
Tunch Ilkin,/I/IlkiTu00.htm,T-G-C,0,14,1993,False,0,2,0,0,0
Bob Ingalls,/I/IngaBo20.htm,C,0,1,1942,False,0,0,0,0,0
Jake Ingram,/I/IngrJa20.htm,C,0,2,2010,False,0,0,0,0,0
Johnathan Ingram,/I/IngrJo20.htm,C,0,1,2005,False,0,0,0,0,0
Marne Intrieri,/I/IntrMa20.htm,C-G-T,0,3,1934,False,0,0,0,0,0
Ted Isaacson,/I/IsaaTe20.htm,T-C,0,2,1935,False,0,0,0,0,0
Jamaal Jackson,/J/JackJa21.htm,C-G,0,7,2011,False,0,0,0,0,0
Larry Jackson,/J/JackLa22.htm,C-TB,0,1,1926,False,0,0,0,0,0
Robert Jackson,/J/JackRo21.htm,G-T-C,0,11,1985,False,0,0,0,0,0
Frank Jackunas,/J/JackFr20.htm,C,0,1,1962,False,0,0,0,0,0
Kendyl Jacox,/J/JacoKe20.htm,G-C,0,9,2006,False,0,0,0,0,0
Jesse James,/J/JameJe21.htm,C,0,2,1996,False,0,0,0,0,0
Ted James,/J/JameTe20.htm,G-C,0,1,1929,False,0,0,0,0,0
Rob Jamieson,/J/JamiRo20.htm,C,0,1,1924,False,0,0,0,0,0
J.J. Jansen,/J/JansJ.00.htm,C,0,11,2019,True,0,1,0,0,0
Bruce Jarvis,/J/JarvBr20.htm,C,0,4,1974,False,0,0,0,0,0
Lemuel Jeanpierre,/J/JeanLe00.htm,C,0,5,2015,False,0,0,0,1,0
Brian Jennings,/J/JennBr00.htm,TE-C,0,13,2012,False,0,2,0,0,0
Lou Jennings,/J/JennLo20.htm,E-C,0,2,1930,False,0,0,0,0,0
Greg Jensen,/J/JensGr20.htm,C,0,1,1987,False,0,0,0,0,0
Paul Jetton,/J/JettPa20.htm,G-C,0,4,1992,False,0,0,0,0,0
Al Johnson,/J/JohnAl22.htm,C,0,5,2008,False,0,0,0,0,0
Bill Johnson,/J/JohnBi02.htm,C-LB,0,9,1956,False,0,2,0,0,0
Bob Johnson,/J/JohnBo01.htm,C,0,12,1979,False,0,1,0,0,0
Brent Johnson,/J/JohnBr21.htm,C,0,1,1987,False,0,0,0,0,0
Don Johnson,/J/JohnDo20.htm,C-LB,0,1,1942,False,0,0,0,0,0
Jason Johnson,/J/JohnJa24.htm,C,0,2,1999,False,0,0,0,0,0
Larry Johnson,/J/JohnLa21.htm,LB-C-E,0,12,1944,False,0,1,0,0,0
Len Johnson,/J/JohnLe21.htm,G-C,0,1,1970,False,0,0,0,0,0
T.J. Johnson,/J/JohnTJ00.htm,C,0,4,2017,False,0,0,0,0,0
Brian Johnston,/J/JohnBr22.htm,C,0,2,1987,False,0,0,0,1,0
Barrett Jones,/J/JoneBa00.htm,C,0,2,2014,False,0,0,0,0,0
Ben Jones,/J/JoneBe01.htm,C,0,8,2019,True,0,0,0,0,0
Brett Jones,/J/JoneBr04.htm,C,0,4,2019,True,0,0,0,0,0
Chris Jones,/J/JoneCh21.htm,C,0,1,1987,False,0,0,0,0,0
David Jones,/J/JoneDa25.htm,G-C,0,4,1987,False,0,0,0,1,0
K.C. Jones,/J/JoneK.20.htm,C,0,1,2000,False,0,0,0,0,0
Wagner Jorgensen,/J/JorgWa20.htm,C-LB,0,2,1937,False,0,0,0,0,0
Zip Joseph,/J/JoseZi20.htm,E-G-C,0,3,1927,False,0,0,0,0,0
Walt Jurkiewicz,/J/JurkWa20.htm,C,0,1,1946,False,0,0,0,0,0
Steve Justice,/J/JustSt20.htm,C,0,1,2008,False,0,0,0,0,0
Ike Kakela,/K/KakeIk20.htm,C-G,0,1,1930,False,0,0,0,0,0
Ryan Kalil,/K/KaliRy20.htm,C,0,13,2019,True,0,5,2,0,0
Larry Kaminski,/K/KamiLa00.htm,C,0,8,1973,False,0,1,0,0,0
George Karstens,/K/KarsGe20.htm,C,0,1,1949,False,0,0,0,0,0
Keith Kartz,/K/KartKe20.htm,C-G-T,0,7,1993,False,0,0,0,0,0
Dick Kasperek,/K/KaspDi20.htm,C,0,3,1968,False,0,0,0,0,0
Norm Katnik,/K/KatnNo20.htm,C,0,1,2006,False,0,0,0,0,0
Mike Katolin,/K/KatoMi20.htm,C,0,1,1987,False,0,0,0,0,0
Matt Katula,/K/KatuMa20.htm,C,0,7,2011,False,0,0,0,0,0
Kani Kauahi,/K/KauaKa20.htm,C,0,12,1993,False,0,0,0,0,0
Eddie Kawal,/K/KawaEd20.htm,C,0,7,1937,False,0,0,0,0,0
Jason Kelce,/K/KelcJa00.htm,C,0,9,2019,True,0,3,3,1,0
Bob Kelley,/K/KellBo20.htm,C,0,2,1956,False,0,0,0,0,0
Mike Kelley,/K/KellMi22.htm,C-G-T,0,3,1987,False,0,0,0,0,0
Ryan Kelly,/K/KellRy00.htm,C,0,4,2019,True,0,1,0,0,0
Pete Kendall,/K/KendPe20.htm,G-C,0,13,2008,False,0,0,0,0,0
Derek Kennard,/K/KennDe20.htm,G-C,0,11,1996,False,0,0,0,1,0
Zac Kerin,/K/KeriZa00.htm,C,0,5,2018,False,0,0,0,0,0
Howard Keys,/K/KeysHo20.htm,C-T,0,4,1963,False,0,0,0,0,0
Bob Khayat,/K/KhayBo20.htm,G-K-C,0,4,1963,False,0,1,0,0,0
Billy Kidd,/K/KiddBi20.htm,C,0,1,1987,False,0,0,0,0,0
Pat Killorin,/K/KillPa20.htm,C,0,1,1966,False,0,0,0,0,0
Hobby Kinderdine,/K/KindHo20.htm,C,0,10,1929,False,0,0,0,0,0
Austin King,/K/KingAu20.htm,C,0,3,2006,False,0,0,0,0,0
George Kirk,/K/KirkGe20.htm,C,0,1,1926,False,0,0,0,0,0
Mike Kiselak,/K/KiseMi20.htm,C-G,0,1,1998,False,0,0,0,0,0
Dick Klawitter,/K/KlawDi20.htm,C,0,1,1956,False,0,0,0,0,0
Fee Klaus,/K/KlauFe20.htm,C,0,1,1921,False,0,0,0,0,0
Charlie Knight,/K/KnigCh20.htm,C-T,0,2,1921,False,0,0,0,0,0
Steve Kobolinski,/K/KoboSt20.htm,C,0,1,1926,False,0,0,0,0,0
Joe Kodba,/K/KodbJo20.htm,C-LB,0,1,1947,False,0,0,0,0,0
Warren Koegel,/K/KoegWa20.htm,C,0,4,1974,False,0,0,0,0,0
Art Koeninger,/K/KoenAr20.htm,C,0,3,1933,False,0,0,0,0,0
Jon Kolb,/K/KolbJo20.htm,T-C,0,13,1981,False,0,0,0,4,0
Louie Kolls,/K/KollLo20.htm,C,0,8,1927,False,0,0,0,0,0
Peter Konz,/K/KonzPe00.htm,C,0,3,2014,False,0,0,0,0,0
Joe Koons,/K/KoonJo20.htm,C,0,1,1941,False,0,0,0,0,0
Dan Koppen,/K/KoppDa20.htm,C,0,10,2012,False,0,1,0,2,0
Ed Korisky,/K/KoriEd20.htm,C,0,1,1944,False,0,0,0,0,0
Steve Korte,/K/KortSt20.htm,C-G,0,7,1989,False,0,0,0,0,0
Tony Kostos,/K/KostTo20.htm,E-C-G-T,0,5,1931,False,0,0,0,0,0
Kevin Kowalski,/K/KowaKe00.htm,C,0,2,2012,False,0,0,0,0,0
Bruce Kozerski,/K/KozeBr20.htm,C-G-T,0,12,1995,False,0,0,0,0,0
Ollie Kraehe,/K/KraeOl20.htm,E-G-C,0,2,1923,False,0,0,0,0,0
Rudy Kraft,/K/KrafRu20.htm,G-C,0,1,1921,False,0,0,0,0,0
Fritz Kramer,/K/KramFr20.htm,G-C,0,1,1927,False,0,0,0,0,0
Henry Krause,/K/KrauHe20.htm,C-G,0,3,1938,False,0,0,0,0,0
Walt Kreinheder,/K/KreiWa20.htm,C-G-B,0,4,1925,False,0,0,0,0,0
Olin Kreutz,/K/KreuOl00.htm,C,0,14,2011,False,0,6,1,0,0
Alex Kroll,/K/KrolAl20.htm,T-C,0,1,1962,False,0,0,0,0,0
Ray Kubala,/K/KubaRa20.htm,C,0,4,1967,False,0,0,0,0,0
Frank Kuchta,/K/KuchFr20.htm,LB-C,0,3,1960,False,0,0,0,0,0
Bob Kuechenberg,/K/KuecBo00.htm,G-T-C,0,14,1983,False,0,6,1,2,0
Art Kuehn,/K/KuehAr20.htm,C,0,8,1983,False,0,0,0,0,0
Eric Kush,/K/KushEr00.htm,C,0,7,2019,True,0,0,0,0,0
Bob Kuziel,/K/KuziBo20.htm,C-T,0,9,1980,False,0,0,0,0,0
Rip Kyle,/K/KyleRi20.htm,C-T-G,0,2,1926,False,0,0,0,0,0
Tony LaBissoniere,/L/LaBiTo20.htm,C-G,0,1,1922,False,0,0,0,0,0
Joe LaFleur,/L/LaFlJo20.htm,G-FB-C-HB,0,3,1924,False,0,0,0,0,0
Pete Lamana,/L/LamaPe20.htm,LB-C-FB,0,3,1948,False,0,0,0,0,0
Bob Landsee,/L/LandBo20.htm,C-G,0,2,1987,False,0,0,0,0,0
Jim Langer,/L/LangJi00.htm,C-G,1,12,1981,False,0,6,4,2,0
Mose Lantz,/L/LantMo20.htm,C,0,1,1933,False,0,0,0,0,0
Dave Lapham,/L/LaphDa20.htm,G-C-T,0,10,1983,False,0,0,0,0,0
Bill Lapham,/L/LaphBi20.htm,C,0,2,1961,False,0,0,0,0,0
Chuck Lanza,/L/LanzCh20.htm,C,0,2,1989,False,0,0,0,0,0
Ted Larsen,/L/LarsTe20.htm,C,0,10,2019,True,0,0,0,0,0
Tyler Larsen,/L/LarsTy00.htm,C,0,4,2019,True,0,0,0,0,0
Greg Larson,/L/LarsGr00.htm,C-G-T,0,13,1973,False,0,1,0,0,0
Louie Larson,/L/LarsLo20.htm,C-B,0,4,1929,False,0,0,0,0,0
Ojay Larson,/L/LarsOj20.htm,C,0,8,1929,False,0,0,0,0,0
Nick Lassa,/L/LassNi20.htm,T-C-G-E,0,2,1923,False,0,0,0,0,0
Paul Latzke,/L/LatzPa20.htm,C,0,3,1968,False,0,0,0,0,0
Larry Lauer,/L/LaueLa20.htm,C,0,2,1957,False,0,0,0,0,0
Paul Leatherman,/L/LeatPa20.htm,G-C,0,1,1922,False,0,0,0,0,0
Frank Leavitt,/L/LeavFr20.htm,G-C,0,1,1921,False,0,0,0,0,0
Nick Leckey,/L/LeckNi20.htm,C-G,0,6,2009,False,0,0,0,1,0
Roger LeClerc,/L/LeClRo20.htm,LB-K-C,0,8,1967,False,0,0,0,0,0
Dwayne Ledford,/L/LedfDw20.htm,C,0,4,2003,False,0,0,0,0,0
Gene Lee,/L/LeexGe20.htm,C,0,1,1946,False,0,0,0,0,0
Larry Lee,/L/LeexLa20.htm,G-C,0,8,1988,False,0,0,0,0,0
Jay Leeuwenburg,/L/LeeuJa20.htm,G-C-T,0,9,2000,False,0,0,0,0,0
Brad Leggett,/L/LeggBr20.htm,C,0,1,1991,False,0,0,0,0,0
Doug Legursky,/L/LeguDo00.htm,C,0,7,2015,False,0,0,0,0,0
Matt Lehr,/L/LehrMa20.htm,C-G,0,8,2008,False,0,0,0,0,0
Walt LeJeune,/L/LeJeWa20.htm,G-C-T-B,0,6,1927,False,0,0,0,0,0
Reid Lennon,/L/LennRe20.htm,G-C-T,0,3,1947,False,0,0,0,0,0
Bill Lenkaitis,/L/LenkBi20.htm,C-G,0,14,1981,False,0,0,0,0,0
Jim Leonard,/L/LeonJi22.htm,G-C,0,7,1986,False,0,0,0,0,0
Darrell Lester,/L/LestDa20.htm,C,0,2,1938,False,0,0,0,0,0
Lou Levanti,/L/LevaLo20.htm,C-LB,0,1,1952,False,0,0,0,0,0
Bill Lewis,/L/LewiBi21.htm,C-G,0,8,1993,False,0,0,0,0,0
Patrick Lewis,/L/LewiPa00.htm,C,0,3,2016,False,0,0,0,0,0
Tex Leyendecker,/L/LeyeTe20.htm,T-C-LB,0,1,1933,False,0,0,0,0,0
Kory Lichtensteiger,/L/LichKo20.htm,C,0,9,2016,False,0,0,0,0,0
George Lilja,/L/LiljGe20.htm,G-C-T,0,6,1987,False,0,0,0,0,0
Vic Lindskog,/L/LindVi20.htm,C,0,8,1951,False,0,0,1,0,0
Adam Lingner,/L/LingAd20.htm,C,0,13,1995,False,0,0,0,0,0
Corey Linsley,/L/LinsCo00.htm,C,0,6,2019,True,0,0,0,0,0
Jack Lininger,/L/LiniJa20.htm,LB-C,0,2,1951,False,0,0,0,0,0
John Lipski,/L/LipsJo20.htm,C,0,2,1934,False,0,0,0,0,0
Dave Lloyd,/L/LloyDa00.htm,LB-C,0,12,1970,False,0,1,0,0,0
Cullen Loeffler,/L/LoefCu20.htm,C,0,11,2014,False,0,0,0,0,0
Andy Logan,/L/LogaAn20.htm,T-C,0,1,1941,False,0,0,0,0,0
Kevin Long,/L/LongKe21.htm,C,0,4,2001,False,0,0,0,0,0
Matt Long,/L/LongMa20.htm,C,0,1,1987,False,0,0,0,0,0
Tim Long,/L/LongTi20.htm,C,0,1,1987,False,0,0,0,0,0
Roy Longstreet,/L/LongRo20.htm,C,0,1,1926,False,0,0,0,0,0
John Lott,/L/LottJo21.htm,C-G,0,1,1987,False,0,0,0,0,0
Ron Lou,/L/LouxRo20.htm,C,0,4,1976,False,0,0,0,0,0
Tom Louderback,/L/LoudTo20.htm,LB-C-G,0,5,1962,False,0,0,0,0,0
Kirk Lowdermilk,/L/LowdKi20.htm,C,0,12,1996,False,0,0,0,0,0
Wayne Lucier,/L/LuciWa20.htm,G-C,0,2,2004,False,0,0,0,0,0
Jonathan Luigs,/L/LuigJo20.htm,C,0,1,2009,False,0,0,0,0,0
Kayo Lunday,/L/LundKa20.htm,G-LB-C,0,11,1947,False,0,1,0,0,0
Brad Lundblade,/L/LundBr00.htm,C,0,1,2019,True,0,0,0,0,0
Bob Lusk,/L/LuskBo20.htm,C,0,1,1956,False,0,0,0,0,0
Ben Lynch,/L/LyncBe20.htm,C,0,4,2002,False,0,0,0,0,0
Shawn Lynch,/L/LyncSh20.htm,C,0,1,2005,False,0,0,0,0,0
Tommy Lyons,/L/LyonTo20.htm,G-C,0,6,1976,False,0,0,0,0,0
John Macaulay,/M/MacaJo20.htm,C,0,1,1984,False,0,0,0,1,0
Don Macek,/M/MaceDo20.htm,C-G,0,14,1989,False,0,0,0,0,0
Mel Maceau,/M/MaceMe20.htm,C,0,3,1948,False,0,0,0,0,0
J.P. Machado,/M/MachJ.20.htm,G-C,0,5,2003,False,0,0,0,0,0
Alex Mack,/M/MackAl20.htm,C,0,11,2019,True,0,6,0,0,0
Jack Mackenroth,/M/MackJa20.htm,C,0,1,1938,False,0,0,0,0,0
Stu MacMillan,/M/MacMSt20.htm,G-C,0,1,1931,False,0,0,0,0,0
John Madigan,/M/MadiJo20.htm,C-T,0,3,1924,False,0,0,0,0,0
Joe Maese,/M/MaesJo20.htm,C,0,5,2005,False,0,0,0,0,0
Jim Magee,/M/MageJi20.htm,C-T,0,3,1946,False,0,0,0,0,0
Sean Mahan,/M/MahaSe20.htm,G-C,0,7,2009,False,0,0,0,0,0
Roger Mahoney,/M/MahoRo20.htm,C-G-E,0,3,1930,False,0,0,0,0,0
Joe Malkovich,/M/MalkJo20.htm,C,0,1,1935,False,0,0,0,0,0
Vaughn Mancha,/M/MancVa20.htm,C-LB,0,1,1948,False,0,0,0,0,0
Greg Mancz,/M/MancGr00.htm,C,0,5,2019,True,0,0,0,0,0
Mike Mandarino,/M/MandMi20.htm,T-C-G,0,2,1945,False,0,0,0,0,0
Dave Manders,/M/MandDa00.htm,C,0,11,1974,False,0,1,0,1,0
Nick Mangold,/M/MangNi20.htm,C,0,11,2016,False,0,7,2,0,0
Jack Manley,/M/ManlJa20.htm,LB-C,0,1,1953,False,0,0,0,0,0
Sam Manos,/M/ManoSa20.htm,C,0,1,1987,False,0,0,0,0,0
Ray Mansfield,/M/MansRa20.htm,C-DT-LB,0,14,1976,False,0,0,0,2,0
Bap Manzini,/M/ManzBa20.htm,C,0,5,1948,False,0,0,0,0,0
Bobby Maples,/M/MaplBo00.htm,C-LB,0,14,1978,False,0,1,0,0,0
Tal Maples,/M/MaplTa20.htm,C,0,1,1934,False,0,0,0,0,0
Joe Maras,/M/MaraJo20.htm,C,0,3,1940,False,0,0,0,0,0
Basilio Marchi,/M/MarcBa20.htm,G-C,0,9,1942,False,0,0,0,0,0
Frank Marchlewski,/M/MarcFr20.htm,C,0,6,1970,False,0,0,0,0,0
Mark Markovich,/M/MarkMa20.htm,C-G,0,4,1977,False,0,0,0,0,0
Lou Mark,/M/MarkLo20.htm,C-E,0,8,1945,False,0,0,0,0,0
Ali Marpet,/M/MarpAl00.htm,C,0,5,2019,True,0,0,0,0,0
Doug Marrone,/M/MarrDo20.htm,G-C-T,0,3,1989,False,0,0,0,0,0
Jack Martin,/M/MartJa20.htm,C,0,3,1949,False,0,0,0,0,0
Marcus Martin,/M/MartMa01.htm,C,0,3,2016,False,0,0,0,0,0
Nick Martin,/M/MartNi00.htm,C,0,3,2019,True,0,0,0,0,0
Patsy Martinelli,/M/MartPa21.htm,C,0,1,1946,False,0,0,0,0,0
Forrest Masterson,/M/MastFo20.htm,C-G,0,1,1945,False,0,0,0,0,0
Trevor Matich,/M/MatiTr20.htm,C-G-T,0,12,1996,False,0,0,0,0,0
John Matlock,/M/MatlJo20.htm,C,0,6,1972,False,0,0,0,0,0
Bruce Matthews,/M/MattBr00.htm,G-C-T,1,19,2001,False,0,14,7,0,0
Kevin Matthews,/M/MattKe20.htm,C,0,5,2014,False,0,0,0,0,0
Al Matuza,/M/MatuAl20.htm,C,0,3,1943,False,0,1,0,0,0
Carl Mauck,/M/MaucCa20.htm,C,0,13,1981,False,0,0,0,0,0
Kevin Mawae,/M/MawaKe00.htm,C-G,1,16,2009,False,0,8,3,0,0
Joey Maxwell,/M/MaxwJo20.htm,C-E,0,3,1929,False,0,0,0,0,0
Mark May,/M/MayxMa00.htm,G-T-C,0,13,1993,False,0,1,0,2,0
Jack May,/M/MayxJa20.htm,C,0,1,1938,False,0,0,0,0,0
Tony Mayberry,/M/MaybTo00.htm,C,0,10,1999,False,0,3,0,0,0
Jack McArthur,/M/McArJa20.htm,C-T-G-E,0,6,1931,False,0,0,0,0,0
Bob McCaffrey,/M/McCaBo20.htm,C,0,1,1975,False,0,0,0,0,0
Larry McCarren,/M/McCaLa00.htm,C,0,12,1984,False,0,2,0,0,0
Leo McCausland,/M/McCaLe20.htm,C-G-T-E,0,1,1922,False,0,0,0,0,0
Todd McClure,/M/McClTo20.htm,C,0,13,2012,False,0,0,0,0,0
Andy McCollum,/M/McCoAn20.htm,C-G,0,14,2008,False,0,0,0,1,0
Elmer McCormick,/M/McCoEl20.htm,C-T-C-B,0,4,1926,False,0,0,0,0,0
Elmer McCormick,/M/McCoEl20.htm,C-T-C-B,0,4,1926,False,0,0,0,0,0
Len McCormick,/M/McCoLe20.htm,C-LB,0,1,1948,False,0,0,0,0,0
Walter McCormick,/M/McCoWa20.htm,C-LB,0,1,1948,False,0,0,0,0,0
Karl McDade,/M/McDaKa20.htm,C-LB,0,1,1938,False,0,0,0,0,0
Shane McDermott,/M/McDeSh01.htm,C,0,1,2016,False,0,0,0,0,0
Walt McDonald,/M/McDoWa21.htm,C-LB,0,1,1935,False,0,0,0,0,0
Jason McEndoo,/M/McEnJa20.htm,C,0,1,1998,False,0,0,0,0,0
Harry McGee,/M/McGeHa20.htm,C-G,0,6,1932,False,0,0,0,0,0
Larry McGinnis,/M/McGiLa20.htm,G-C-E,0,2,1924,False,0,0,0,0,0
Ed McGlasson,/M/McGlEd20.htm,C,0,3,1981,False,0,0,0,0,0
Dick McGrath,/M/McGrDi20.htm,C-T,0,1,1926,False,0,0,0,0,0
Dan McGrew,/M/McGrDa20.htm,C,0,1,1960,False,0,0,0,0,0
Gene McGuire,/M/McGuGe20.htm,C,0,4,1996,False,0,0,0,1,0
Nick McInerney,/M/McInNi20.htm,C-E-T-FB-G,0,8,1927,False,0,0,0,0,0
Raleigh McKenzie,/M/McKeRa20.htm,G-C-T,0,16,2000,False,0,0,0,2,0
Seth McKinney,/M/McKiSe20.htm,C,0,8,2009,False,0,0,0,0,0
Steve McKinney,/M/McKiSt20.htm,C-G,0,10,2007,False,0,0,0,0,0
Dennis McKnight,/M/McKnDe20.htm,G-C,0,11,1992,False,0,0,0,0,0
Don McKinnon,/M/McKiDo20.htm,LB-C,0,2,1964,False,0,0,0,0,0
Leon McLaughlin,/M/McLaLe00.htm,C,0,5,1955,False,0,1,0,0,0
Russ McLeod,/M/McLeRu20.htm,C,0,1,1934,False,0,0,0,0,0
Frank McNally,/M/McNaFr20.htm,C-T-G,0,4,1934,False,0,0,1,0,0
Forrest McPherson,/M/McPhFo20.htm,G-C-T,0,11,1945,False,0,0,0,0,0
Wade McRoberts,/M/McRoWa20.htm,C,0,2,1926,False,0,0,0,0,0
Bob Meeks,/M/MeekBo20.htm,C,0,1,1993,False,0,0,0,0,0
Bryant Meeks,/M/MeekBr20.htm,C-LB,0,2,1948,False,0,0,0,0,0
Brad Meester,/M/MeesBr20.htm,C-G,0,14,2013,False,0,0,0,0,0
Harry Mehre,/M/MehrHa20.htm,C,0,2,1923,False,0,0,1,0,0
George Meinhardt,/M/MeinGe20.htm,C-G,0,1,1923,False,0,0,0,0,0
John Mellekas,/M/MellJo20.htm,C-DT-T,0,8,1963,False,0,0,0,0,0
Dutch Mellody,/M/MellDu20.htm,WB-C,0,1,1920,False,0,0,0,0,0
Ken Mendenhall,/M/MendKe20.htm,C,0,10,1980,False,0,0,0,0,0
Saul Mielziner,/M/MielSa20.htm,C-G-T-LB,0,6,1934,False,0,0,0,0,0
Andy Miketa,/M/MikeAn20.htm,C,0,2,1955,False,0,0,0,0,0
Bill Miklich,/M/MiklBi20.htm,LB-BB-C,0,2,1948,False,0,0,0,0,0
Blake Miller,/M/MillBl21.htm,C,0,1,1992,False,0,0,0,0,0
Bubba Miller,/M/MillBu20.htm,C,0,4,2000,False,0,0,0,0,0
Colin Miller,/M/MillCo00.htm,C,0,1,2012,False,0,0,0,0,0
Drew Miller,/M/MillDr00.htm,C,0,1,2011,False,0,0,0,0,0
Dutch Miller,/M/MillDu21.htm,C,0,1,1931,False,0,0,0,0,0
Ookie Miller,/M/MillOo20.htm,C-G-LB,0,7,1938,False,0,0,1,0,0
Joe Mills,/M/MillJo26.htm,C-E-TB-G-WB,0,5,1926,False,0,0,0,0,0
John Mintun,/M/MintJo20.htm,C,0,7,1926,False,0,0,0,0,0
Al Mitchell,/M/MitcAl20.htm,T-C-E,0,1,1924,False,0,0,0,0,0
Jeff Mitchell,/M/MitcJe20.htm,C,0,8,2005,False,0,0,0,1,0
Melvin Mitchell,/M/MitcMe21.htm,G-C-T,0,5,1980,False,0,0,0,0,0
Russell Mitchell,/M/MitcRu20.htm,C,0,1,1987,False,0,0,0,0,0
Ted Mitchell,/M/MitcTe20.htm,C,0,2,1930,False,0,0,0,0,0
David Molk,/M/MolkDa00.htm,C,0,4,2015,False,0,0,0,0,0
Tony Momsen,/M/MomsTo20.htm,C,0,2,1952,False,0,0,0,0,0
Rob Monaco,/M/MonaRo20.htm,C,0,1,1985,False,0,0,0,0,0
Sully Montgomery,/M/MontSu20.htm,T-C,0,5,1927,False,0,0,0,0,0
Mike Montler,/M/MontMi21.htm,C-G-T,0,10,1978,False,0,0,0,0,0
Blake Moore,/M/MoorBl20.htm,C-G-T,0,6,1985,False,0,0,0,0,0
Gene Moore,/M/MoorGe20.htm,C-LB,0,1,1938,False,0,0,0,0,0
Larry Moore,/M/MoorLa21.htm,C-G,0,8,2005,False,0,0,0,0,0
John Mooring,/M/MoorJo20.htm,T-C,0,4,1974,False,0,0,0,0,0
Frank Moran,/M/MoraFr20.htm,C-T,0,1,1920,False,0,0,0,0,0
Rich Moran,/M/MoraRi20.htm,G-C,0,9,1993,False,0,0,0,0,0
Chris Morris,/M/MorrCh21.htm,C,0,5,2010,False,0,0,0,0,0
George Morris,/M/MorrGe21.htm,C-LB,0,1,1956,False,0,0,0,0,0
Jon Morris,/M/MorrJo03.htm,C,0,15,1978,False,0,7,1,0,0
Mike Morris,/M/MorrMi20.htm,C-G,0,13,1999,False,0,0,0,0,0
Patrick Morris,/M/MorrPa00.htm,C,0,1,2019,True,0,0,0,0,0
Doc Morrison,/M/MorrDo21.htm,C,0,2,1934,False,0,0,0,0,0
Don Morrison,/M/MorrDo22.htm,T-C,0,9,1979,False,0,0,0,0,0
Guy Morriss,/M/MorrGu20.htm,C,0,15,1987,False,0,0,0,0,0
John Morrow,/M/MorrJo04.htm,C-G,0,11,1966,False,0,2,0,0,0
Russ Morrow,/M/MorrRu20.htm,C,0,2,1947,False,0,0,0,0,0
Frank Morze,/M/MorzFr20.htm,C-T,0,8,1964,False,0,0,0,0,0
Don Mosebar,/M/MoseDo00.htm,C-T-G,0,12,1994,False,0,3,0,1,0
Bob Moser,/M/MoseBo20.htm,C,0,3,1953,False,0,0,0,0,0
Clure Mosher,/M/MoshCl20.htm,C-G-LB,0,1,1942,False,0,0,0,0,0
Steve Mott,/M/MottSt20.htm,C,0,6,1988,False,0,0,0,0,0
Tim Moynihan,/M/MoynTi20.htm,C,0,2,1933,False,0,0,1,0,0
Scott Mruczkowski,/M/MrucSc20.htm,C,0,7,2011,False,0,0,0,0,0
Ken Moyer,/M/MoyeKe20.htm,G-T-C,0,6,1994,False,0,0,0,0,0
Rudy Mucha,/M/MuchRu20.htm,G-C,0,6,1946,False,0,0,0,0,0
Don Muhlbach,/M/MuhlDo20.htm,C,0,16,2019,True,0,2,0,0,0
Lee Mulleneaux,/M/MullLe20.htm,C-WB,0,7,1938,False,0,0,0,0,0
Wayne Mulligan,/M/MullWa20.htm,C-T,0,7,1975,False,0,0,0,0,0
Fred Mundee,/M/MundFr20.htm,C-LB,0,3,1945,False,0,0,0,0,0
Guy Murdock,/M/MurdGu20.htm,C,0,1,1972,False,0,0,0,0,0
Jim Murphy,/M/MurpJi20.htm,B-E-C,0,3,1928,False,0,0,0,0,0
Rob Murphy,/M/MurpRo20.htm,C,0,3,2004,False,0,0,0,0,0
Bill Murrah,/M/MurrWi20.htm,C-G,0,2,1923,False,0,0,0,0,0
Jab Murray,/M/MurrJa20.htm,E-C-G-T,0,4,1924,False,0,0,0,0,0
Mickey Murtagh,/M/MurtMi20.htm,C-G-E-B,0,7,1932,False,0,0,0,0,0
Roland Nabors,/N/NaboRo20.htm,LB-C,0,1,1948,False,0,0,0,0,0
Bill Nagy,/N/NagyBi00.htm,C,0,2,2012,False,0,0,0,0,0
Tom Nalen,/N/NaleTo00.htm,C,0,14,2007,False,0,5,2,2,0
Fred Naumetz,/N/NaumFr20.htm,C,0,5,1950,False,0,0,1,0,0
Dan Neal,/N/NealDa20.htm,C-G,0,11,1983,False,0,0,0,0,0
Ed Neal,/N/NealEd00.htm,MG-C-G-T,0,7,1951,False,0,1,0,0,0
Aaron Neary,/N/NearAa00.htm,C,0,1,2017,True,0,0,0,0,0
Fred Negus,/N/NeguFr20.htm,C-LB,0,4,1950,False,0,0,0,0,0
Don Nelson,/N/NelsDo20.htm,T-C,0,1,1926,False,0,0,0,0,0
Robert Nelson,/N/NelsRo20.htm,C-T-DT-LB,0,10,1950,False,0,0,0,0,0
Jamar Nesbit,/N/NesbJa20.htm,G-C,0,11,2009,False,0,0,0,1,0
Al Nesser,/N/NessAl20.htm,G-E-C,0,12,1931,False,0,0,1,0,0
Andy Nemecek,/N/NemeAn20.htm,C-G-T,0,3,1925,False,0,0,0,0,0
Ted Nesser,/N/NessTe20.htm,C-T-G,0,2,1921,False,0,0,0,0,0
Quentin Neujahr,/N/NeujQu20.htm,C,0,5,2000,False,0,0,0,0,0
Tom Newberry,/N/NewbTo20.htm,G-C,0,10,1995,False,0,2,2,0,0
Jeremy Newberry,/N/NewbJe00.htm,C-G,0,10,2008,False,0,2,0,0,0
Mike Nichols,/N/NichMi20.htm,C,0,2,1961,False,0,0,0,0,0
Wally Niemann,/N/NiemWa20.htm,C,0,3,1924,False,0,0,0,0,0
Nick Nighswander,/N/NighNi20.htm,C,0,1,1974,False,0,0,0,0,0
Rudy Niswanger,/N/NiswRu20.htm,C,0,5,2010,False,0,0,0,0,0
Reed Nilsen,/N/NilsRe20.htm,C,0,1,1947,False,0,0,0,0,0
Don Nolander,/N/NolaDo20.htm,C,0,1,1946,False,0,0,0,0,0
Chuck Noll,/N/NollCh20.htm,LB-G-C,1,7,1959,False,0,0,0,0,0
Mark Nordquist,/N/NordMa20.htm,G-C,0,9,1976,False,0,0,0,0,0
Erik Norgard,/N/NorgEr20.htm,G-C,0,9,1998,False,0,0,0,0,0
Dennis Norman,/N/NormDe20.htm,C-T,0,7,2009,False,0,0,0,0,0
Bob Norman,/N/NormBo20.htm,C,0,1,1945,False,0,0,0,0,0
Tom Nutten,/N/NuttTo20.htm,G-C,0,11,2005,False,0,0,0,1,0
Buzz Nutter,/N/NuttBu00.htm,C-LB,0,12,1965,False,0,1,0,0,0
Rick Nuzum,/N/NuzuRi20.htm,C,0,2,1978,False,0,0,0,0,0
Shaun O'Hara,/O/OHarSh20.htm,G-C,0,11,2010,False,0,3,0,1,0
Red O'Neill,/O/ONeiRe20.htm,C,0,1,1926,False,0,0,0,0,0
Dennis O'Sullivan,/O/OSulDe20.htm,C,0,1,2002,False,0,0,0,0,0
Ben Oas,/O/OasxBe20.htm,C-BB,0,1,1929,False,0,0,0,0,0
Bart Oates,/O/OateBa00.htm,C,0,11,1995,False,0,5,0,3,0
Dunc Obee,/O/ObeeDu20.htm,C,0,1,1941,False,0,0,0,0,0
Cap Oehler,/O/OehlCa20.htm,C-LB,0,4,1936,False,0,0,0,0,0
Chukky Okobi,/O/OkobCh20.htm,C-G,0,7,2007,False,0,0,0,1,0
John Olenchalk,/O/OlenJo20.htm,LB-C,0,2,1982,False,0,0,0,0,0
Phil Olsen,/O/OlsePh20.htm,DT-C,0,6,1976,False,0,0,0,0,0
Orrin Olsen,/O/OlseOr20.htm,C,0,1,1976,False,0,0,0,0,0
Lance Olssen,/O/OlssLa20.htm,T-C,0,2,1969,False,0,0,0,0,0
Russ Oltz,/O/OltzRu20.htm,C-G-T-FB,0,6,1925,False,0,0,0,0,0
Mike Oriard,/O/OriaMi20.htm,C-G,0,4,1973,False,0,0,0,0,0
Duke Osborn,/O/OsboDu20.htm,G-C,0,8,1928,False,0,0,1,0,0
Craig Osika,/O/OsikCr20.htm,G-C,0,2,2003,False,0,0,0,0,0
Paul Oswald,/O/OswaPa20.htm,C-G,0,2,1988,False,0,0,0,0,0
Jerry Ostroski,/O/OstrJe20.htm,G-T-C,0,8,2001,False,0,0,0,0,0
Bo Otto,/O/OttoBo20.htm,C-G-T,0,2,1923,False,0,0,0,0,0
Jim Otto,/O/OttoJi00.htm,C,1,15,1974,False,0,12,10,0,0
Greg Ours,/O/OursGr20.htm,C,0,1,1987,False,0,0,0,0,0
Pete Owens,/O/OwenPe20.htm,G-C,0,1,1943,False,0,0,0,0,0
Dave Pacella,/P/PaceDa20.htm,C-G,0,1,1984,False,0,0,0,0,0
Craig Page,/P/PageCr20.htm,C,0,1,2000,False,0,0,0,0,0
Lou Palazzi,/P/PalaLo21.htm,C,0,2,1947,False,0,0,0,0,0
Jim Palermo,/P/PaleJi20.htm,G-C,0,2,1926,False,0,0,0,0,0
Sam Palumbo,/P/PaluSa20.htm,LB-C,0,6,1960,False,0,0,0,0,0
Joe Panos,/P/PanoJo20.htm,G-C,0,7,2000,False,0,0,0,0,0
Matt Paradis,/P/ParaMa00.htm,C,0,6,2019,True,0,0,0,1,0
Willie Parker,/P/ParkWi20.htm,C-G,0,8,1980,False,0,0,0,0,0
Mickey Parks,/P/ParkMi20.htm,C-LB,0,9,1946,False,0,0,0,0,0
Garin Patrick,/P/PatrGa20.htm,C,0,1,1995,False,0,0,0,0,0
Bob Patton,/P/PattBo20.htm,C,0,1,1976,False,0,0,0,0,0
Don Paul,/P/PaulDo00.htm,LB-MG-C,0,8,1955,False,0,3,1,0,0
Tony Paulekas,/P/PaulTo20.htm,G-C-LB,0,1,1936,False,0,0,0,0,0
Lonie Paxton,/P/PaxtLo20.htm,C,0,12,2011,False,0,0,0,3,0
Rod Payne,/P/PaynRo20.htm,C,0,1,1998,False,0,0,0,0,0
Bert Pearson,/P/PearBe20.htm,C-G,0,8,1936,False,0,0,0,0,0
Dave Pearson,/P/PearDa20.htm,C,0,1,2006,False,0,0,0,0,0
Jack Peavey,/P/PeavJa20.htm,C,0,1,1987,False,0,0,0,0,0
Dan Peiffer,/P/PeifDa20.htm,C,0,6,1980,False,0,0,0,0,0
Tupe Peko,/P/PekoTu20.htm,G-C,0,2,2004,False,0,0,0,0,0
Joseph Pellegrini,/P/PellJo21.htm,G-C,0,5,1986,False,0,0,0,0,0
Bob Penchion,/P/PencBo20.htm,G-C,0,5,1976,False,0,0,0,0,0
Jay Pennison,/P/PennJa20.htm,C,0,5,1990,False,0,0,0,0,0
Frank Perantoni,/P/PeraFr20.htm,C,0,2,1949,False,0,0,0,0,0
Ralph Perretta,/P/PerrRa20.htm,C-G,0,6,1980,False,0,0,0,0,0
Wally Pesuit,/P/PesuWa20.htm,G-C-T-DE,0,5,1980,False,0,0,0,0,0
Scott Peters,/P/PeteSc20.htm,C-G,0,1,2003,False,0,0,0,0,0
Brett Petersmark,/P/PeteBr20.htm,C,0,1,1987,False,0,0,0,0,0
Ted Petersen,/P/PeteTe20.htm,T-C-G,0,11,1987,False,0,0,0,2,0
Carl Peterson,/P/PeteCa21.htm,C-E,0,1,1924,False,0,0,0,0,0
Barry Pettyjohn,/P/PettBa20.htm,C-T,0,1,1987,False,0,0,0,0,0
Mike Phillips,/P/PhilMi20.htm,C-LB,0,1,1947,False,0,0,0,0,0
Bill Piccolo,/P/PiccBi20.htm,C,0,3,1945,False,0,0,0,0,0
Don Pierce,/P/PierDo20.htm,C,0,2,1943,False,0,0,0,0,0
Al Pierotti,/P/PierAl20.htm,C-G-T-B,0,10,1929,False,0,0,0,0,0
Jim Pietrzak,/P/PietJi20.htm,C-DT-T,0,14,1987,False,0,0,0,0,0
Bob Pifferini,/P/PiffBo20.htm,C,0,1,1949,False,0,0,0,0,0
Ray Pinney,/P/PinnRa20.htm,T-G-C,0,12,1987,False,0,0,0,1,0
Chuck Pitcock,/P/PitcCh20.htm,C,0,1,1987,False,0,0,0,0,0
Bryan Pittman,/P/PittBr20.htm,C,0,7,2009,False,0,0,0,0,0
Swede Pittman,/P/PittSw20.htm,C-LB,0,1,1935,False,0,0,0,0,0
Hugh Pitts,/P/PittHu20.htm,LB-C,0,5,1960,False,0,0,0,0,0
Ron Plantz,/P/PlanRo20.htm,C,0,1,1987,False,0,0,0,0,0
Ted Plumridge,/P/PlumTe20.htm,C,0,1,1926,False,0,0,0,0,0
Ethan Pocic,/P/PociEt00.htm,C,0,3,2019,True,0,0,0,0,0
Mike Pollak,/P/PollMi20.htm,C,0,7,2014,False,0,0,0,0,0
Ryan Pontbriand,/P/PontRy20.htm,C,0,9,2011,False,0,2,0,0,0
Jack Porter,/P/PortJa20.htm,C,0,1,1971,False,0,0,0,0,0
Maurkice Pouncey,/P/PounMa20.htm,C,0,10,2019,True,0,8,2,0,0
Mike Pouncey,/P/PounMi00.htm,C,0,9,2019,True,0,4,0,0,0
Merv Pregulman,/P/PregMe20.htm,C-G,0,4,1949,False,0,0,0,0,0
Lee Presley,/P/PresLe20.htm,FB-C,0,1,1945,False,0,0,0,0,0
Duke Preston,/P/PresDu20.htm,C,0,4,2008,False,0,0,0,0,0
Felto Prewitt,/P/PrewFe20.htm,C-LB,0,4,1949,False,0,0,0,0,0
Billy Price,/P/PricBi01.htm,C,0,2,2019,True,0,0,0,0,0
Remi Prudhomme,/P/PrudRe20.htm,C-DE-G-DT,0,7,1972,False,0,0,0,1,0
Spencer Pulley,/P/PullSp00.htm,C,0,4,2019,True,0,0,0,0,0
Tanner Purdum,/P/PurdTa00.htm,C,0,7,2016,False,0,0,0,0,0
Earl Putman,/P/PutmEa20.htm,C,0,1,1957,False,0,0,0,0,0
Mike Pyle,/P/PyleMi00.htm,C,0,9,1969,False,0,1,0,0,0
Jim Pyne,/P/PyneJi20.htm,G-C,0,7,2001,False,0,0,0,0,0
Scott Quessenberry,/Q/QuesSc00.htm,C,0,2,2019,True,0,0,0,0,0
Fred Quillan,/Q/QuilFr00.htm,C,0,10,1987,False,0,2,0,2,0
Steve Quinn,/Q/QuinSt20.htm,C,0,1,1968,False,0,0,0,0,0
Marc Raab,/R/RaabMa20.htm,C,0,6,1998,False,0,0,0,0,0
Buster Raborn,/R/RaboBu20.htm,C-LB,0,2,1937,False,0,0,0,0,0
Casey Rabach,/R/RabaCa20.htm,C-G,0,9,2010,False,0,0,0,0,0
Keith Radecic,/R/RadeKe20.htm,C,0,1,1987,False,0,0,0,0,0
Wayne Radloff,/R/RadlWa20.htm,C-G,0,5,1989,False,0,0,0,0,0
George Radosevich,/R/RadoGe21.htm,T-C,0,3,1956,False,0,0,0,0,0
Vince Rafferty,/R/RaffVi20.htm,C-G,0,1,1987,False,0,0,0,0,0
Tom Rafferty,/R/RaffTo20.htm,C-G,0,14,1989,False,0,0,0,1,0
Frank Ragnow,/R/RagnFr00.htm,C,0,2,2019,True,0,0,0,0,0
Dominic Raiola,/R/RaioDo20.htm,C,0,14,2014,False,0,0,0,0,0
Donovan Raiola,/R/RaioDo00.htm,C,0,1,2010,False,0,0,0,0,0
Gregg Rakoczy,/R/RakoGr20.htm,C-G-T,0,6,1992,False,0,0,0,0,0
Clare Randolph,/R/RandCl20.htm,C-G-LB-E,0,7,1936,False,0,0,0,0,0
John Rapacz,/R/RapaJo20.htm,C-LB,0,7,1954,False,0,0,0,0,0
Herb Rapp,/R/RappHe20.htm,C,0,2,1931,False,0,0,0,0,0
Randy Rasmussen,/R/RasmRa21.htm,C-G,0,5,1988,False,0,0,0,0,0
Joe Ratica,/R/RatiJo20.htm,C-LB,0,1,1939,False,0,0,0,0,0
Dick Rauch,/R/RaucDi20.htm,C-G-T,0,5,1929,False,0,0,0,0,0
Cory Raymer,/R/RaymCo20.htm,C,0,11,2005,False,0,0,0,0,0
Kevin Reach,/R/ReacKe20.htm,G-C,0,1,1987,False,0,0,0,0,0
Paul Rebsamen,/R/RebsPa20.htm,C,0,1,1927,False,0,0,0,0,0
Dave Recher,/R/RechDa20.htm,C,0,4,1968,False,0,0,0,0,0
Geoff Reece,/R/ReecGe20.htm,C,0,2,1977,False,0,0,0,0,0
Max Reed,/R/ReedMa21.htm,C,0,4,1928,False,0,0,0,0,0
Hank Reese,/R/ReesHa20.htm,C-G,0,7,1939,False,0,0,0,0,0
Shawn Regent,/R/RegeSh20.htm,C,0,1,1987,False,0,0,0,0,0
Milt Rehnquist,/R/RehnMi20.htm,G-C-T,0,9,1932,False,0,0,1,0,0
Lou Reichel,/R/ReicLo20.htm,C,0,1,1926,False,0,0,0,0,0
Bill Reid,/R/ReidBi20.htm,C,0,1,1975,False,0,0,0,0,0
Joe Reid,/R/ReidJo20.htm,LB-C-DG,0,2,1952,False,0,0,0,0,0
Austin Reiter,/R/ReitAu00.htm,C,0,4,2019,True,0,0,0,1,0
Bill Remington,/R/RemiBi20.htm,C-LB,0,1,1946,False,0,0,0,0,0
Glenn Ressler,/R/RessGl20.htm,G-C-T-DT,0,10,1974,False,0,0,0,1,0
Jared Retkofsky,/R/RetkJa00.htm,C,0,2,2009,False,0,0,0,1,0
Vic Reuter,/R/ReutVi20.htm,C,0,1,1932,False,0,0,0,0,0
Chuck Reynolds,/R/ReynCh20.htm,C-G,0,2,1970,False,0,0,0,0,0
Jerry Reynolds,/R/ReynJe20.htm,T-C,0,3,1998,False,0,0,0,0,0
John Reynolds,/R/ReynJo21.htm,C,0,1,1937,False,0,0,0,0,0
Demetrius Rhaney,/R/RhanDe00.htm,C,0,4,2017,False,0,0,0,0,0
Jay Rhodemyre,/R/RhodJa20.htm,C-LB,0,5,1952,False,0,0,0,0,0
Orian Rice,/R/RiceOr20.htm,BB-C,0,1,1929,False,0,0,0,0,0
Jamey Richard,/R/RichJa20.htm,C,0,5,2012,False,0,0,0,0,0
Pete Richards,/R/RichPe20.htm,C,0,1,1927,False,0,0,0,0,0
Barry Richardson,/R/RichBa20.htm,C,0,6,2013,False,0,0,0,0,0
Jeff Richardson,/R/RichJe20.htm,T-G-C,0,3,1969,False,0,0,0,1,0
Weston Richburg,/R/RichWe00.htm,C,0,6,2019,True,0,0,0,0,0
Bill Rieth,/R/RietBi20.htm,G-C,0,5,1945,False,0,0,0,0,0
Dave Rimington,/R/RimiDa20.htm,C,0,7,1989,False,0,0,0,0,0
Carroll Ringwalt,/R/RingCa20.htm,C-G,0,2,1931,False,0,0,0,0,0
Jim Ringo,/R/RingJi00.htm,C,1,15,1967,False,0,10,6,0,0
Del Ritchhart,/R/RitcDe20.htm,C,0,2,1937,False,0,0,0,0,0
Barret Robbins,/R/RobbBa00.htm,C,0,9,2003,False,0,1,1,0,0
Bobby Robertson,/R/RobeBo21.htm,C-HB-DB,0,1,1942,False,0,0,0,0,0
Tom Robertson,/R/RobeTo21.htm,C,0,6,1946,False,0,0,0,0,0
Wayne Robinson,/R/RobiWa00.htm,LB-C,0,5,1956,False,0,2,0,0,0
Burle Robison,/R/RobiBu20.htm,E-C,0,1,1935,False,0,0,0,0,0
Marshall Robnett,/R/RobnMa20.htm,C-G,0,3,1945,False,0,0,0,0,0
Mark Rodenhauser,/R/RodeMa20.htm,C,0,13,1999,False,0,0,0,0,0
Don Rogers,/R/RogeDo20.htm,C-G,0,5,1964,False,0,0,0,0,0
John Rogers,/R/RogeJo20.htm,C,0,2,1934,False,0,0,0,0,0
Jim Romano,/R/RomaJi21.htm,C,0,5,1986,False,0,0,0,1,0
Brett Romberg,/R/RombBr20.htm,C,0,6,2011,False,0,0,0,0,0
Bill Rooney,/R/RoonBi20.htm,B-C,0,7,1929,False,0,0,0,0,0
Dan Rosado,/R/RosaDa20.htm,C-G,0,2,1988,False,0,0,0,0,0
Erik Rosenmeier,/R/RoseEr20.htm,C,0,1,1987,False,0,0,0,0,0
Ernie Rosteck,/R/RostEr20.htm,C,0,2,1944,False,0,0,0,0,0
Fred Rothwell,/R/RothFr20.htm,C,0,1,1974,False,0,0,0,0,0
Cliff Rothrock,/R/RothCl20.htm,C,0,1,1947,False,0,0,0,0,0
Chase Roullier,/R/RoulCh00.htm,C,0,3,2019,True,0,0,0,0,0
Larry Rubens,/R/RubeLa20.htm,C,0,5,1986,False,0,0,0,0,0
Karl Rubke,/R/RubkKa20.htm,LB-C-DT-DE,0,12,1968,False,0,0,0,0,0
Jack Rudnay,/R/RudnJa00.htm,C,0,13,1982,False,0,4,0,0,0
Tim Ruddy,/R/RuddTi20.htm,C,0,10,2003,False,0,1,0,0,0
Grey Ruegamer,/R/RuegGr20.htm,C-G,0,9,2008,False,0,0,0,2,0
Mike Ruether,/R/RuetMi20.htm,G-C,0,8,1993,False,0,0,0,0,0
Porky Rundquist,/R/RundPo20.htm,T-G-C,0,2,1926,False,0,0,0,0,0
Gil Runkel,/R/RunkGi20.htm,C-G,0,1,1920,False,0,0,0,0,0
Bob Rush,/R/RushBo20.htm,C-T,0,9,1985,False,0,0,0,0,0
Dan Ryczek,/R/RyczDa20.htm,C,0,7,1979,False,0,0,0,0,0
Paul Ryczek,/R/RyczPa20.htm,C,0,14,1987,False,0,0,0,0,0
Frank Rydzewski,/R/RydzFr20.htm,C-T-G,0,7,1926,False,0,0,0,0,0
Kelly Saalfeld,/S/SaalKe20.htm,C,0,1,1980,False,0,0,0,0,0
Lou Saban,/S/SabaLo20.htm,C-B,0,4,1949,False,0,0,0,0,0
Joe Sabasteanski,/S/SabaJo20.htm,G-LB-C,0,3,1949,False,0,0,0,0,0
Tino Sabuco,/S/SabuTi20.htm,C,0,1,1949,False,0,0,0,0,0
Jack Sachse,/S/SachJa20.htm,C-LB,0,1,1945,False,0,0,0,0,0
Ron Sams,/S/SamsRo20.htm,C-G,0,2,1984,False,0,0,0,0,0
Garrison Sanborn,/S/SanbGa00.htm,C,0,11,2019,True,0,0,0,0,0
Eric Sanders,/S/SandEr20.htm,T-G-C,0,12,1992,False,0,0,0,0,0
Jesse Sapolu,/S/SapoJe00.htm,C-G,0,15,1997,False,0,2,0,4,0
Al Sarafiny,/S/SaraAl20.htm,C,0,1,1933,False,0,0,0,0,0
Samson Satele,/S/SateSa20.htm,C,0,8,2014,False,0,0,0,0,0
Ollie Satenstein,/S/SateOl20.htm,G-E-T-C,0,5,1933,False,0,0,0,0,0
Jeff Saturday,/S/SatuJe55.htm,C,0,14,2012,False,0,6,2,1,0
Rich Saul,/S/SaulRi00.htm,C-G-T,0,12,1981,False,0,6,0,0,0
Quentin Saulsberry,/S/SaulQu00.htm,C,0,1,2012,False,0,0,0,0,0
Mike Scarry,/S/ScarMi20.htm,C-T,0,4,1947,False,0,0,0,0,0
Skippy Scheib,/S/ScheSk20.htm,C,0,1,1930,False,0,0,0,0,0
John Schiechl,/S/SchiJo20.htm,C,0,7,1947,False,0,0,0,0,0
Mark Schlereth,/S/SchlMa00.htm,G-C,0,12,2000,False,0,2,0,3,0
Bob Schmidt,/S/SchmBo00.htm,C-T-G,0,9,1967,False,0,3,0,0,0
George Schmidt,/S/SchmGe20.htm,DE-C-LB,0,2,1953,False,0,0,0,0,0
John Schmidt,/S/SchmJo20.htm,C,0,1,1940,False,0,0,0,0,0
John Schmitt,/S/SchmJo22.htm,C,0,11,1974,False,0,0,0,1,0
Mike Schneck,/S/SchnMi20.htm,C,0,11,2009,False,0,1,0,0,0
Leroy Schoemann,/S/SchoLe20.htm,C,0,1,1938,False,0,0,0,0,0
Bob Scholtz,/S/SchoBo21.htm,C-G-T,0,7,1966,False,0,0,0,0,0
Jim Schrader,/S/SchrJi00.htm,C-T,0,11,1964,False,0,3,0,0,0
Adam Schreiber,/S/SchrAd20.htm,G-C,0,16,1999,False,0,0,0,0,0
Carl Schuette,/S/SchuCa20.htm,LB-C-DB,0,4,1951,False,0,0,0,0,0
Ted Schwarzer,/S/SchwTe20.htm,G-C,0,1,1926,False,0,0,0,0,0
Brian Schwenke,/S/SchwBr00.htm,C,0,6,2018,False,0,0,0,1,0
Bob Scott,/S/ScotBo20.htm,C-G-T,0,1,1926,False,0,0,0,0,0
Carlos Scott,/S/ScotCa21.htm,C-T,0,3,1985,False,0,0,0,0,0
Lance Scott,/S/ScotLa20.htm,C,0,2,1998,False,0,0,0,0,0
John Scully,/S/SculJo20.htm,G-C,0,10,1990,False,0,0,0,0,0
Mike Scully,/S/SculMi20.htm,C-G,0,1,1988,False,0,0,0,0,0
Joe Secord,/S/SecoJo20.htm,C,0,1,1922,False,0,0,0,0,0
Chris Sedoris,/S/SedoCh20.htm,C,0,1,1996,False,0,0,0,0,0
Paul Seiler,/S/SeilPa20.htm,C-T,0,7,1973,False,0,0,0,0,0
Ron Selesky,/S/SeleRo20.htm,C,0,1,1987,False,0,0,0,0,0
Lyle Sendlein,/S/SendLy20.htm,C,0,9,2015,False,0,0,0,0,0
Robert Shaw,/S/ShawRo20.htm,C-G,0,3,1981,False,0,0,0,0,0
Joe Shearin,/S/SheaJo20.htm,G-C,0,5,1987,False,0,0,0,0,0
Vincent Shekleton,/S/ShekVi20.htm,C,0,1,1922,False,0,0,0,0,0
Coleman Shelton,/S/ShelCo00.htm,C,0,1,2019,True,0,0,0,0,0
Stan Sheriff,/S/SherSt20.htm,LB-G-C,0,4,1957,False,0,0,0,0,0
A.Q. Shipley,/S/ShipA.20.htm,C,0,8,2019,True,0,0,0,0,0
Clay Shiver,/S/ShivCl20.htm,C,0,3,1998,False,0,0,0,0,0
Frederick Shook,/S/ShooFr20.htm,C-LB,0,1,1941,False,0,0,0,0,0
Bert Shurtleff,/S/ShurBe20.htm,C-G,0,5,1929,False,0,0,0,0,0
Mark Shupe,/S/ShupMa20.htm,C,0,1,1987,False,0,0,0,0,0
Tony Siano,/S/SianTo20.htm,C,0,3,1934,False,0,0,0,0,0
Larry Siemering,/S/SiemLa20.htm,C,0,2,1936,False,0,0,0,0,0
John Simerson,/S/SimeJo20.htm,C-T,0,5,1961,False,0,0,0,0,0
Jack Simmons,/S/SimmJa00.htm,C-G-T,0,9,1956,False,0,1,0,0,0
Tim Simpson,/S/SimpTi20.htm,G-C,0,1,1994,False,0,0,0,0,0
Travis Simpson,/S/SimpTr20.htm,C,0,1,1987,False,0,0,0,0,0
Frank Sinkovitz,/S/SinkFr20.htm,LB-C,0,6,1952,False,0,0,0,0,0
Lew Skinner,/S/SkinLe20.htm,G-C,0,3,1922,False,0,0,0,0,0
Bob Skoronski,/S/SkorBo00.htm,T-C,0,13,1968,False,0,1,0,2,0
Ed Skoronski,/S/SkorEd20.htm,E-C-LB,0,3,1937,False,0,0,0,0,0
Matt Skura,/S/SkurMa01.htm,C,0,3,2019,True,0,0,0,0,0
Mark Slater,/S/SlatMa20.htm,C,0,6,1983,False,0,0,0,0,0
Tony Slaton,/S/SlatTo20.htm,C-G,0,6,1990,False,0,0,0,0,0
Jason Slowey,/S/SlowJa00.htm,C,0,1,2012,False,0,0,0,0,0
Clyde Smith,/S/SmitCl21.htm,C,0,4,1928,False,0,0,3,0,0
Dick Smith,/S/SmitDi20.htm,C,0,1,1933,False,0,0,0,0,0
Doug Smith,/S/SmitDo01.htm,C-G-T,0,14,1991,False,0,6,0,0,0
George Smith,/S/SmitGe22.htm,C,0,11,1947,False,0,1,0,0,0
Hank Smith,/S/SmitHa21.htm,C-G-T,0,6,1925,False,0,0,0,0,0
Jeff Smith,/S/SmitJe21.htm,C,0,5,2001,False,0,0,0,0,0
Omar Smith,/S/SmitOm20.htm,C,0,2,2003,False,0,0,0,0,0
Ray Smith,/S/SmitRa21.htm,C,0,4,1933,False,0,0,0,0,0
Russ Smith,/S/SmitRu20.htm,G-C,0,6,1926,False,0,0,0,0,0
Sid Smith,/S/SmitSi20.htm,C-T,0,5,1974,False,0,0,0,0,0
Wilfred Smith,/S/SmitWi20.htm,T-G-E-C,0,6,1925,False,0,0,0,0,0
David Snow,/S/SnowDa00.htm,C,0,1,2012,False,0,0,0,0,0
Phil Sobocinski,/S/SoboPh20.htm,C,0,1,1968,False,0,0,0,0,0
John Sokolosky,/S/SokoJo20.htm,C,0,1,1978,False,0,0,0,0,0
Ariel Solomon,/S/SoloAr20.htm,C,0,6,1996,False,0,0,0,0,0
Mike Solwold,/S/SolwMi20.htm,C,0,4,2004,False,0,0,0,1,0
Jack Sommers,/S/SommJa20.htm,C,0,1,1947,False,0,0,0,0,0
Lou Sossamon,/S/SossLo20.htm,C-LB,0,3,1948,False,0,0,0,0,0
Dick Spain,/S/SpaiDi20.htm,C-T,0,2,1922,False,0,0,0,0,0
Dutch Speck,/S/SpecDu20.htm,G-C-T,0,7,1926,False,0,0,0,0,0
Cliff Speegle,/S/SpeeCl20.htm,C,0,1,1945,False,0,0,0,0,0
Chris Spencer,/S/SpenCh21.htm,C,0,10,2014,False,0,0,0,0,0
Ollie Spencer,/S/SpenOl20.htm,T-G-C,0,11,1963,False,0,0,0,0,0
Bill Springsteen,/S/SpriBi20.htm,C-E,0,4,1928,False,0,0,0,0,0
Ted St. Germaine,/S/St.GTe20.htm,T-C-G,0,1,1922,False,0,0,0,0,0
John Stadnik,/S/StadJo20.htm,C,0,1,1987,False,0,0,0,0,0
Darnell Stapleton,/S/StapDa20.htm,C,0,1,2008,False,0,0,0,1,0
Jason Starkey,/S/StarJa20.htm,C,0,4,2003,False,0,0,0,0,0
Art Statuto,/S/StatAr20.htm,C,0,3,1950,False,0,0,0,0,0
Chuck Steele,/S/SteeCh20.htm,C,0,1,1987,False,0,0,0,0,0
Bill Stein,/S/SteiBi20.htm,C-G-T,0,7,1929,False,0,0,0,0,0
Herb Stein,/S/SteiHe20.htm,C-G,0,8,1928,False,0,0,1,0,0
Russ Stein,/S/SteiRu20.htm,T-E-C,0,5,1926,False,0,0,0,0,0
Al Steinfeld,/S/SteiAl20.htm,G-C-T,0,2,1983,False,0,0,0,0,0
Alex Stepanovich,/S/StepAl20.htm,C,0,5,2008,False,0,0,0,0,0
Bill Stephens,/S/StepBi20.htm,C,0,1,1926,False,0,0,0,0,0
Ray Stephens,/S/StepRa20.htm,C-G,0,1,1927,False,0,0,0,0,0
Reggie Stephens,/S/StepRe22.htm,C,0,1,2012,False,0,0,0,0,0
Dave Stephenson,/S/StepDa21.htm,G-C-DG,0,6,1955,False,0,0,0,0,0
Dwight Stephenson,/S/StepDw00.htm,C-T,1,8,1987,False,0,5,4,0,0
Mark Stepnoski,/S/StepMa00.htm,C-G,0,13,2001,False,0,5,0,2,0
Tevita Stevens,/S/StevTe00.htm,C,0,1,2014,False,0,0,0,0,0
Pete Stevens,/S/StevPe20.htm,C,0,1,1936,False,0,0,0,0,0
Art Stevenson,/S/StevAr20.htm,C,0,3,1928,False,0,0,0,0,0
Mark Stevenson,/S/StevMa23.htm,G-C,0,1,1922,False,0,0,0,0,0
Mark Stevenson,/S/StevMa24.htm,G-C,0,1,1985,False,0,0,0,0,0
Ralph Stewart,/S/StewRa20.htm,C-LB,0,2,1948,False,0,0,0,0,0
Vaughn Stewart,/S/StewVa20.htm,C,0,2,1944,False,0,0,0,0,0
Dixie Stokes,/S/StokDi20.htm,C,0,7,1943,False,0,0,0,0,0
Eric Stokes,/S/StokEr20.htm,C-G,0,1,1987,False,0,0,0,0,0
Bryan Stoltenberg,/S/StolBr20.htm,C-G,0,5,2000,False,0,0,0,0,0
James Stone,/S/StonJa02.htm,C,0,4,2017,False,0,0,0,0,0
Bryan Stork,/S/StorBr00.htm,C,0,2,2015,False,0,0,0,1,0
Dick Stovall,/S/StovDi20.htm,LB-G-C,0,3,1949,False,0,0,0,0,0
Leif Strand,/S/StraLe20.htm,C,0,1,1924,False,0,0,0,0,0
Larry Strickland,/S/StriLa00.htm,C,0,6,1959,False,0,1,1,0,0
George Strohmeyer,/S/StroGe20.htm,C-LB,0,2,1949,False,0,0,0,0,0
Les Studdard,/S/StudLe20.htm,C,0,2,1983,False,0,0,0,0,0
Jerry Sturm,/S/SturJe00.htm,C-T-G,0,12,1972,False,0,2,0,0,0
Nick Subis,/S/SubiNi20.htm,T-C,0,1,1991,False,0,0,0,0,0
Walt Suggs,/S/SuggWa00.htm,T-C,0,10,1971,False,0,2,0,0,0
Frank Sullivan,/S/SullFr20.htm,C-LB,0,6,1940,False,0,0,0,0,0
Gerry Sullivan,/S/SullGe22.htm,T-C-G,0,8,1981,False,0,0,0,0,0
John Sullivan,/S/SullJo24.htm,C,0,11,2018,False,0,0,0,0,0
Mike Sullivan,/S/SullMi20.htm,G-C,0,4,1995,False,0,0,0,0,0
Nick Sundberg,/S/SundNi00.htm,C,0,10,2019,True,0,0,0,0,0
Bud Svendsen,/S/SvenBu20.htm,C-LB-G,0,7,1943,False,0,1,0,0,0
George Svendsen,/S/SvenGe20.htm,C,0,7,1941,False,0,0,0,0,0
Karl Swanke,/S/SwanKa20.htm,T-C-G,0,7,1986,False,0,0,0,0,0
Travis Swanson,/S/SwanTr00.htm,C,0,5,2018,False,0,0,0,0,0
Jim Sweeney,/S/SweeJi20.htm,C-T-G,0,16,1999,False,0,0,0,0,0
Dennis Swilley,/S/SwilDe20.htm,C-G-T,0,11,1987,False,0,0,0,0,0
Steve Sylvester,/S/SylvSt20.htm,C-G-T,0,9,1983,False,0,0,0,3,0
Dick Szymanski,/S/SzymDi00.htm,C-LB,0,14,1968,False,0,3,0,0,0
Frank Szymanski,/S/SzymFr20.htm,C,0,5,1949,False,0,0,0,0,0
Paul Tabor,/T/TaboPa20.htm,C-G,0,1,1980,False,0,0,0,0,0
Ben Tamburello,/T/TambBe20.htm,G-C,0,4,1990,False,0,0,0,0,0
Ralph Tamm,/T/TammRa20.htm,G-C,0,10,1999,False,0,0,0,2,0
George Tandy,/T/TandGe20.htm,C-E,0,2,1921,False,0,0,0,0,0
George Tarasovic,/T/TaraGe20.htm,DE-LB-C,0,15,1966,False,0,0,0,0,0
John Tavener,/T/TaveJo20.htm,C-LB,0,1,1946,False,0,0,0,0,0
Jim Taylor,/T/TaylJi21.htm,C-LB,0,3,1958,False,0,0,0,0,0
Trey Teague,/T/TeagTr20.htm,C-T,0,7,2005,False,0,0,0,0,0
Larry Tearry,/T/TearLa20.htm,C,0,2,1979,False,0,0,0,0,0
Mike Teifke,/T/TeifMi20.htm,C,0,1,1987,False,0,0,0,0,0
Matt Tennant,/T/TennMa20.htm,C,0,3,2012,False,0,0,0,0,0
Lou Tepe,/T/TepeLo20.htm,C-LB,0,3,1955,False,0,0,0,0,0
Tom Thayer,/T/ThayTo20.htm,G-C,0,9,1993,False,0,0,0,1,0
R.C. Thielemann,/T/ThieR.00.htm,G-C,0,12,1988,False,0,3,1,1,0
Chuck Thomas,/T/ThomCh21.htm,C,0,8,1992,False,0,0,0,2,0
Kevin Thomas,/T/ThomKe21.htm,C,0,1,1988,False,0,0,0,0,0
Todd Thomas,/T/ThomTo20.htm,C,0,1,1981,False,0,0,0,0,0
Bill Thompson,/T/ThomBi20.htm,C,0,1,1925,False,0,0,0,0,0
Chris Thome,/T/ThomCh22.htm,C,0,2,1992,False,0,0,0,0,0
Dave Thompson,/T/ThomDa23.htm,T-C-G,0,5,1975,False,0,0,0,0,0
Tommy Thompson,/T/ThomTo23.htm,LB-C,0,5,1953,False,0,0,1,0,0
Jack Thorpe,/T/ThorJa21.htm,G-C-T-WB,0,1,1923,False,0,0,0,0,0
Glenn Tidd,/T/TiddGl20.htm,C-G-T-WB,0,5,1924,False,0,0,0,0,0
Leo Tierney,/T/TierLe20.htm,C,0,1,1978,False,0,0,0,0,0
Pete Tillman,/T/TillPe20.htm,C-LB,0,1,1949,False,0,0,0,0,0
Mick Tingelhoff,/T/TingMi00.htm,C,1,17,1978,False,0,6,5,0,0
Bob Titchenal,/T/TitcBo20.htm,E-C-LB-DE,0,8,1947,False,0,1,0,0,0
Glen Titensor,/T/TiteGl20.htm,G-C,0,8,1988,False,0,0,0,0,0
George Titus,/T/TituGe20.htm,C-LB,0,1,1946,False,0,0,0,0,0
Si Titus,/T/TituSi20.htm,C,0,6,1945,False,0,0,0,0,0
Robbie Tobeck,/T/TobeRo55.htm,C-G,0,13,2006,False,0,1,0,0,0
Steve Tobin,/T/TobiSt20.htm,C,0,1,1980,False,0,0,0,0,0
Joe Tofflemire,/T/ToffJo20.htm,C,0,5,1994,False,0,0,0,0,0
Cameron Tom,/T/TomxCa00.htm,C,0,1,2018,True,0,0,0,0,0
Tony Tonelli,/T/ToneTo20.htm,C-G,0,1,1939,False,0,0,0,0,0
Clayton Tonnemaker,/T/TonnCl00.htm,LB-C,0,5,1954,False,0,1,0,0,0
LaVern Torgeson,/T/TorgLa00.htm,LB-C,0,7,1957,False,0,3,0,0,0
John Tosi,/T/TosiJo20.htm,C-G-T,0,1,1939,False,0,0,0,0,0
George Trafton,/T/TrafGe20.htm,C,1,13,1932,False,0,0,2,0,0
Barney Traynor,/T/TrayBa20.htm,C,0,1,1925,False,0,0,0,0,0
Mark Traynowicz,/T/TrayMa20.htm,G-C,0,5,1989,False,0,0,0,0,0
Adam Treu,/T/TreuAd20.htm,C,0,10,2006,False,0,0,0,0,0
Greg Truitt,/T/TruiGr20.htm,C,0,5,1998,False,0,0,0,0,0
Sam Tsoutsouvas,/T/TsouSa20.htm,C-LB,0,1,1940,False,0,0,0,0,0
Lou Tsoutsouvas,/T/TsouLo20.htm,C,0,1,1938,False,0,0,0,0,0
Jerry Tubbs,/T/TubbJe00.htm,LB-C,0,10,1966,False,0,1,0,0,0
Max Tuerk,/T/TuerMa00.htm,C,0,1,2017,False,0,0,0,0,0
Navy Tuiasosopo,/T/TuiaNa20.htm,C,0,1,1987,False,0,0,0,0,0
Mark Tuinei,/T/TuinMa00.htm,T-C-DT,0,15,1997,False,0,2,0,3,0
Dan Turk,/T/TurkDa20.htm,C-G,0,15,1999,False,0,0,0,0,0
Bulldog Turner,/T/TurnBu21.htm,C-T-LB-G,1,13,1952,False,0,4,7,0,0
Jim Turner,/T/TurnJi21.htm,C,0,1,1937,False,0,0,0,0,0
Larry Turner,/T/TurnLa20.htm,C,0,3,2006,False,0,0,0,0,0
Tom Turnure,/T/TurnTo20.htm,C-G,0,7,1986,False,0,0,0,0,0
Darren Twombly,/T/TwomDa20.htm,C,0,1,1987,False,0,0,0,0,0
Jeff Uhlenhake,/U/UhleJe20.htm,C,0,9,1997,False,0,0,0,0,0
Harry Ulinski,/U/UlinHa00.htm,C,0,7,1956,False,0,1,0,0,0
Rich Umphrey,/U/UmphRi20.htm,C-G,0,4,1985,False,0,0,0,0,0
Jack Underwood,/U/UndeJa20.htm,E-G-C,0,6,1929,False,0,0,0,0,0
Max Unger,/U/UngeMa20.htm,C,0,10,2018,False,0,3,1,1,0
Morris Unutoa,/U/UnutMo20.htm,C,0,7,2002,False,0,0,0,1,0
Lou Usher,/U/UsheLo20.htm,T-G-C,0,7,1926,False,0,0,0,0,0
Joe Valerio,/V/ValeJo20.htm,C,0,5,1996,False,0,0,0,0,0
Jeff Van Note,/V/VanNJe00.htm,C-G-LB,0,18,1986,False,0,6,0,0,0
David Viaene,/V/ViaeDa20.htm,C-T-G,0,4,1992,False,0,0,0,0,0
Ernie Vick,/V/VickEr20.htm,C-G-T,0,4,1928,False,0,0,0,0,0
Chris Villarrial,/V/VillCh20.htm,G-C,0,11,2006,False,0,0,0,0,0
Danny Villa,/V/VillDa20.htm,T-C-G,0,12,1998,False,0,0,0,0,0
Tim Vogler,/V/VoglTi20.htm,G-C,0,10,1988,False,0,0,0,0,0
Walter Voight,/V/VoigWa20.htm,G-C-BB,0,2,1921,False,0,0,0,0,0
Milt Vucinich,/V/VuciMi20.htm,C,0,1,1945,False,0,0,0,0,0
John Wade,/W/WadeJo20.htm,C,0,11,2008,False,0,0,0,0,0
John Wager,/W/WageJo20.htm,C-G-T,0,3,1933,False,0,0,0,0,0
Will Waite,/W/WaitWi20.htm,C-G-T-B,0,2,1921,False,0,0,0,0,0
Larry Walbridge,/W/WalbLa20.htm,C,0,1,1925,False,0,0,0,0,0
Stan Waldemore,/W/WaldSt20.htm,G-C-T,0,7,1984,False,0,0,0,0,0
Tim Waldron,/W/WaldTi20.htm,G-C,0,1,1927,False,0,0,0,0,0
Ralph Waldsmith,/W/WaldRa20.htm,C-G,0,2,1922,False,0,0,0,0,0
Cleo Walker,/W/WalkCl20.htm,LB-C,0,2,1971,False,0,0,0,0,0
Gary Walker,/W/WalkGa20.htm,C,0,1,1987,False,0,0,0,0,0
Malcolm Walker,/W/WalkMa20.htm,C-T,0,5,1970,False,0,0,0,0,0
Mickey Walker,/W/WalkMi20.htm,G-LB-C,0,5,1965,False,0,0,0,0,0
Cody Wallace,/W/WallCo20.htm,C,0,8,2016,False,0,0,0,0,0
Dutch Wallace,/W/WallDu20.htm,G-C-T,0,4,1926,False,0,0,0,0,0
Gordon Wallace,/W/WallGo20.htm,TB-FB-C,0,2,1924,False,0,0,0,0,0
Bill Walsh,/W/WalsBi00.htm,C,0,6,1954,False,0,2,1,0,0
Tyson Walter,/W/WaltTy20.htm,C-T,0,5,2006,False,0,0,0,0,0
Bruce Walton,/W/WaltBr20.htm,T-G-C,0,3,1975,False,0,0,0,0,0
J.D. Walton,/W/WaltJ.20.htm,C,0,6,2015,False,0,0,0,0,0
Elmer Ward,/W/WardEl20.htm,C,0,1,1935,False,0,0,0,0,0
John Ward,/W/WardJo20.htm,G-DE-C,0,7,1976,False,0,0,0,0,0
Josh Warner,/W/WarnJo20.htm,C-G,0,1,2003,False,0,0,0,0,0
Greg Warren,/W/WarrGr20.htm,C,0,12,2016,False,0,0,0,2,0
Tex Warrington,/W/WarrTe21.htm,G-C-LB,0,3,1948,False,0,0,0,0,0
Todd Washington,/W/WashTo20.htm,G-C,0,8,2005,False,0,0,0,1,0
Jim Waskiewicz,/W/WaskJi20.htm,C-LB-T,0,4,1969,False,0,0,0,0,0
Jim Watson,/W/WatsJi20.htm,C,0,1,1945,False,0,0,0,0,0
Joe Watson,/W/WatsJo20.htm,C-LB,0,1,1950,False,0,0,0,0,0
John Watson,/W/WatsJo21.htm,G-T-C,0,9,1979,False,0,0,0,0,0
Bob Wear,/W/WearBo20.htm,C-LB,0,1,1942,False,0,0,0,0,0
Jim Weatherly,/W/WeatJi21.htm,C,0,1,1976,False,0,0,0,0,0
Red Weaver,/W/WeavRe20.htm,C,0,1,1923,False,0,0,0,0,0
Mike Webster,/W/WebsMi00.htm,C-G,1,17,1990,False,0,9,5,4,0
Jon Weeks,/W/WeekJo00.htm,C,0,10,2019,True,0,1,0,0,0
Bert Weidner,/W/WeidBe20.htm,G-C,0,6,1995,False,0,0,0,0,0
Harold Weldin,/W/WeldHa20.htm,C,0,1,1934,False,0,0,0,0,0
Joe Wellborn,/W/WellJo20.htm,C,0,1,1966,False,0,0,0,0,0
Mike Wellman,/W/WellMi20.htm,C,0,2,1980,False,0,0,0,0,0
Scott Wells,/W/WellSc20.htm,G-C,0,11,2014,False,0,1,0,1,0
Ryan Wendell,/W/WendRy20.htm,C,0,8,2016,False,0,0,0,1,0
Joe Wendryhoski,/W/WendJo21.htm,C,0,5,1968,False,0,0,0,0,0
Red Werder,/W/WerdRe20.htm,C-T,0,2,1921,False,0,0,0,0,0
Al Wesbecher,/W/WesbAl20.htm,C-T,0,1,1920,False,0,0,0,0,0
Bull Wesley,/W/WeslBu20.htm,C-G-T-FB,0,5,1930,False,0,0,0,0,0
Stan West,/W/WestSt00.htm,DG-G-C,0,8,1957,False,0,2,1,0,0
Bob Wetoska,/W/WetoBo20.htm,T-G-C,0,10,1969,False,0,0,0,0,0
Bill Wexler,/W/WexlBi20.htm,C,0,1,1930,False,0,0,0,0,0
Bill Whalen,/W/WhalBi20.htm,C-T-G,0,5,1924,False,0,0,0,0,0
Jerry Whalen,/W/WhalJe20.htm,C-G,0,1,1948,False,0,0,0,0,0
Dwight Wheeler,/W/WheeDw20.htm,T-C-G,0,11,1988,False,0,0,0,0,0
Tom Whelan,/W/WhelTo20.htm,E-C-G,0,2,1921,False,0,0,0,0,0
Frank Whitcomb,/W/WhitFr20.htm,G-T-C,0,2,1921,False,0,0,0,0,0
Bob White,/W/WhitBo21.htm,C-G,0,3,1989,False,0,0,0,0,0
Chris White,/W/WhitCh22.htm,C,0,6,2010,False,0,0,0,0,0
Dwayne White,/W/WhitDw20.htm,G-C,0,7,1996,False,0,0,0,0,0
Curtis Whitley,/W/WhitCu20.htm,C,0,6,1997,False,0,0,0,0,0
Bob Whitlow,/W/WhitBo24.htm,C,0,9,1968,False,0,0,0,0,0
Ken Whitlow,/W/WhitKe21.htm,C-LB,0,1,1946,False,0,0,0,0,0
John Wiatrak,/W/WiatJo20.htm,C,0,1,1939,False,0,0,0,0,0
Dave Widell,/W/WideDa20.htm,C-T-G,0,11,1998,False,0,0,0,0,0
Bud Widick,/W/WidiBu20.htm,C-T,0,1,1924,False,0,0,0,0,0
Casey Wiegmann,/W/WiegCa20.htm,C,0,15,2011,False,0,1,0,0,0
Eric Wiegand,/W/WiegEr20.htm,C,0,1,1987,False,0,0,0,0,0
Ray Wietecha,/W/WietRa00.htm,C,0,10,1962,False,0,4,1,0,0
Ben Wilkerson,/W/WilkBe20.htm,C,0,3,2008,False,0,0,0,0,0
 Willert,/W/Willxx20.htm,C,0,1,1922,False,0,0,0,0,0
Boyd Williams,/W/WillBo23.htm,C,0,1,1947,False,0,0,0,0,0
Brian Williams,/W/WillBr25.htm,C,0,11,1999,False,0,0,0,1,0
Del Williams,/W/WillDe20.htm,G-C,0,7,1973,False,0,0,0,0,0
Edwin Williams,/W/WillEd02.htm,C,0,4,2012,False,0,0,0,0,0
Jake Williams,/W/WillJa20.htm,T-E-G-C,0,5,1933,False,0,0,0,0,0
Joel Williams,/W/WillJo23.htm,C,0,3,1950,False,0,0,0,0,0
Larry Williams,/W/WillLa21.htm,G-C,0,7,1992,False,0,0,0,0,0
Louis Williams,/W/WillLo20.htm,C,0,1,2002,False,0,0,0,0,0
Pryor Williams,/W/WillPr20.htm,G-C,0,1,1921,False,0,0,0,0,0
Rex Williams,/W/WillRe22.htm,C,0,6,1945,False,0,0,0,0,0
Tex Williams,/W/WillTe22.htm,C-LB,0,5,1946,False,0,0,0,0,0
Wally Williams,/W/WillWa20.htm,G-C,0,10,2002,False,0,0,0,0,0
J.R. Williamson,/W/WillJ.20.htm,LB-C,0,7,1970,False,0,0,0,0,0
Drip Wilson,/W/WilsDr20.htm,C,0,1,1931,False,0,0,0,0,0
Steve Wilson,/W/WilsSt22.htm,C-G-T,0,10,1985,False,0,0,0,0,0
Joe Windbiel,/W/WindJo20.htm,C,0,1,1921,False,0,0,0,0,0
Mike Windt,/W/WindMi00.htm,C,0,9,2018,False,0,0,0,0,0
Heath Wingate,/W/WingHe20.htm,C,0,1,1967,False,0,0,0,0,0
Joe Winkler,/W/WinkJo20.htm,C,0,1,1945,False,0,0,0,0,0
C.B. Winneshiek,/W/WinnBi20.htm,C,0,1,1922,False,0,0,0,0,0
Frank Winters,/W/WintFr00.htm,C-G,0,16,2002,False,0,1,0,1,0
Richard Winther,/W/WintRi20.htm,C,0,2,1972,False,0,0,0,0,0
Pete Wismann,/W/WissPe20.htm,LB-C,0,6,1954,False,0,0,0,0,0
Cory Withrow,/W/WithCo20.htm,C,0,9,2008,False,0,0,0,0,0
Mike Withycombe,/W/WithMi20.htm,G-T-C,0,5,1992,False,0,0,0,0,0
Cal Withrow,/W/WithCa20.htm,C,0,5,1974,False,0,0,0,0,0
Dave Wohlabaugh,/W/WohlDa20.htm,C,0,9,2003,False,0,0,0,0,0
Alex Wojciechowicz,/W/WojcAl20.htm,C-LB-E,1,13,1950,False,0,0,0,0,0
Oscar Wolford,/W/WolfOs20.htm,G-C-E,0,5,1924,False,0,0,0,0,0
Eric Wood,/W/WoodEr20.htm,C,0,9,2017,False,0,1,0,0,0
Dick Woodard,/W/WoodDi20.htm,LB-C,0,5,1953,False,0,0,0,0,0
Jimmy Woods,/W/WoodJi21.htm,C-T-G,0,5,1924,False,0,0,0,0,0
Damien Woody,/W/WoodDa20.htm,C-G,0,12,2010,False,0,1,0,2,0
Mike Wooten,/W/WootMi20.htm,C,0,1,1987,False,0,0,0,1,0
Stu Worden,/W/WordSt20.htm,G-T-C-LB,0,5,1934,False,0,0,0,0,0
Keith Wortman,/W/WortKe20.htm,T-G-C,0,10,1981,False,0,0,0,0,0
Joe Wostoupal,/W/WostJo20.htm,C,0,5,1930,False,0,0,1,0,0
Lud Wray,/W/WrayLu20.htm,C,0,2,1921,False,0,0,0,0,0
Al Wukits,/W/WukiAl20.htm,C-LB-G,0,4,1946,False,0,0,0,0,0
John Yarno,/Y/YarnJo20.htm,C,0,6,1982,False,0,0,0,0,0
Tommy Yarr,/Y/YarrTo20.htm,C,0,1,1933,False,0,0,0,0,0
Bob Yates,/Y/YateBo20.htm,T-C,0,5,1965,False,0,0,0,0,0
George Yarno,/Y/YarnGe20.htm,G-C-T,0,11,1989,False,0,0,0,0,0
Lloyd Young,/Y/YounLl20.htm,G-C-T-E,0,6,1930,False,0,0,0,0,0
Paul Young,/Y/YounPa20.htm,C,0,1,1933,False,0,0,0,0,0
Frank Youngfleish,/Y/YounFr20.htm,C-G,0,2,1927,False,0,0,0,0,0
Swede Youngstrom,/Y/YounSw20.htm,G-T-E-C,0,8,1927,False,0,0,2,0,0
Walt Yowarsky,/Y/YowaWa20.htm,DE-C-T,0,8,1958,False,0,0,0,0,0
Godfrey Zaunbrecher,/Z/ZaunGo20.htm,C,0,3,1973,False,0,0,0,0,0
Dusty Zeigler,/Z/ZeigDu20.htm,C-G,0,7,2002,False,0,0,0,0,0
Connie Zelencik,/Z/ZeleCo20.htm,C,0,1,1977,False,0,0,0,0,0
Joe Zelenka,/Z/ZeleJo00.htm,TE-C,0,13,2011,False,0,0,0,0,0
Lance Zeno,/Z/ZenoLa20.htm,C,0,2,1993,False,0,0,0,0,0
Mike Zentic,/Z/ZentMi20.htm,C,0,1,1987,False,0,0,0,0,0
Merle Zuver,/Z/ZuveMe20.htm,G-C,0,1,1930,False,0,0,0,0,0
