Name,URL,Position,HallOfFame,TotalYears,LastYear,Active
Sean Baker,/B/BakeSe00.htm,S,0,3,2014,False
Brandan Bishop,/B/BishBr01.htm,S,0,1,2014,False
Omar Brown,/B/BrowOm00.htm,S,0,2,2013,False
Da'Mon Cromartie-Smith,/C/CromDa00.htm,S,0,3,2013,False
Kanorris Davis,/D/DaviKa00.htm,S,0,1,2013,False
Tony Dye,/D/DyexTo00.htm,S,0,2,2013,False
Jean Fanor,/F/FanoJe00.htm,S,0,1,2014,False
Blake Gideon,/G/GideBl00.htm,S,0,1,2012,False
Jose Gumbs,/G/GumbJo00.htm,S,0,2,2013,False
Devin Holland,/H/HollDe00.htm,S,0,1,2011,False
M.D. Jennings,/J/JennM.00.htm,S,0,3,2013,False
Robert Johnson,/J/JohnRo99.htm,S,0,2,2012,False
Shelton Johnson,/J/JohnSh00.htm,S,0,2,2014,False
Robert Lester,/L/LestRo01.htm,S,0,2,2014,False
Daytawion Lowe,/L/LoweDa01.htm,S,0,1,2014,False
Davon Morgan,/M/MorgDa00.htm,S,0,1,2014,False
Jerico Nelson,/N/NelsJe00.htm,S,0,1,2012,False
Chaz Powell,/P/PoweCh00.htm,S,0,1,2012,False
Roderick Rogers,/R/RogeRo99.htm,S,0,2,2008,False
Nick Saenz,/S/SaenNi00.htm,S,0,1,2012,False
Mana Silva,/S/SilvMa00.htm,S,0,2,2012,False
Ricardo Silva,/S/SilvRi00.htm,S,0,2,2012,False
David Sims,/S/SimsDa01.htm,S,0,1,2012,False
Daxton Swanson,/S/SwanDa01.htm,S,0,1,2014,False
Suaesi Tuimaunei,/T/TuimSu00.htm,S,0,1,2012,False
Winston Venable,/V/VenaWi00.htm,S,0,1,2011,False
Anthony Walters,/W/WaltAn01.htm,S,0,4,2014,False
Pierre Warren,/W/WarrPi00.htm,S,0,1,2014,False
Tracy Wilson,/W/WilsTr01.htm,S,0,2,2012,False
